{"file_hashes":[{"block_hashes":["AYwbqypsNQukvAETzUECDasi8E1CKt7i26DCBZ+Rsnw=","yvANKcCSkrJ+RxxBKZ3qBDjd+HXw7dfxZ+0YYakhZyE=","6r8TnPlJYCVoa3jiY7Frwuyq6+Ci7Eq3bMrFex+ldlw=","SlhKgeU2ELFY4K/G8f+YpCzzMuhN32XCZFM42qoSo0k=","dhbGznD1buswCyEH03CwsuHrTPqYcaESHQxtHMlnNr0=","4UlpUJhQ4zbSBGQXC9PK0+IR6SVQ8KcUcRgpD4ah5F8=","uUl8t4G5C9pj11jU9+dHMaLzmth/9qjnJNx0kTpXLJY=","WdMgRk+hLYo4Jzz6QM5YwN05G+U6TyyaPCJvil9d5jU=","dFIlY/SCVcrbxcfZSAkJN6sTClfcnKN/1ZCIrgbi8vM=","QtnBtyO5qn/zJgz6ofbNuL9/ooK1Wcf9jzSX2xRBbgw=","7JeFaM8nMlHG4aG5lUVwTSVJDlyqfV3B+gPjKXJGEw8="],"block_size":4096,"path":"background.bundle.js"},{"block_hashes":["EVUcb0tnR9+qd1cYXXVNKkrd/GFvMsL5w8SjFIw6D08="],"block_size":4096,"path":"canada.svg"},{"block_hashes":["u2+epOE6pwAb8GyvtZrqB9b+YOdS4RRLTU6eHiMjFRY="],"block_size":4096,"path":"check.svg"},{"block_hashes":["L0C5IKnBuA4LvlyzkGfC7lQY6wWIZf9k+REkjc13Stk="],"block_size":4096,"path":"close-w.svg"},{"block_hashes":["ftYgY4VerBFahoEnUcPf226m73OueWON/pZlrZ15VVw="],"block_size":4096,"path":"close.svg"},{"block_hashes":["8vLYv784jiLxpwbxn5Y6dI5wwtCvVKfrYZYXBsELZaY="],"block_size":4096,"path":"estonia.svg"},{"block_hashes":["nBYCZ1jrAGr/JimKm37WMuf/P+5t7e15euSQ962Ineo="],"block_size":4096,"path":"france.svg"},{"block_hashes":["WQFbkv3YjxjrQmvVswvqWPJVG1DBHtwcjcTdgu095z0="],"block_size":4096,"path":"germany.svg"},{"block_hashes":["U8OTj3F04pItDQaSfM2gF5iJKNRSnIRfIzq2+f56Xow="],"block_size":4096,"path":"italy.svg"},{"block_hashes":["lGip0aGBXFpxvx5FjYODwhQfTDirlJPx7LlbsiT8gj8="],"block_size":4096,"path":"lithuania.svg"},{"block_hashes":["0WpeOgurDfXhUOOfeQieIWgcxyYgK4YQDbtrcltpHtw="],"block_size":4096,"path":"lock.svg"},{"block_hashes":["4/NVeaDx157mkgFMWiS4Uj0SMRgHevZCSzM31k6RDmc="],"block_size":4096,"path":"netherlands.svg"},{"block_hashes":["lZTJ3Ob/OQ3SWwQe4OXbhB2bYjAsVOxN6NCsuBki73I="],"block_size":4096,"path":"norway.svg"},{"block_hashes":["nGmYKbFQyf2t5q7NbYRv+Wcn6+CUSmUIsFByFK9rUcA=","MNUqhrfnYSYmAf1hXbiNqyI10II3sPyi50Eo00djB8k=","PIlAgNySOysXxRUEM8E91c1G5xWGoE2Hr+jVe42zM+U=","dHyK1PQH8kd614fD0fcdGiVYgu5bjygaGIZsrRy1iR8=","hm3CDMrHIP2JjwoS0FTsnCy+HWlBCEr6ozakWDe+H+U=","Xqqz7Oxb3pGVTvVz4CYMbJr1r6gkivT2H9T0oGZQz+k=","DVQ3EXMRt4gKbAIAp8vdwmQb9uJGngX2K0tjzlSt9pI=","xIcFJU/GcUPhnT7ksk8m7YN+rG9GGTj2GNyiJyr1jt4=","A9OjLbUnS8I9aluvpx6XhB7XgQHxLnOczIZc0QP4l28=","9K3MaW/AxUpCVbECB+y8xmT5UdF6XJrx1gShkzHWxXs=","+1OjGmY+e1SvA+NEFYFt5TsB7nRE7mGhwIBjkhSeVZw=","bjSKnqKPw2UXOfGhKqtS/dPqTWCGIO3XkeQPDmPGszI=","X0ljeEpt4wki+VKrcqb7NxjbbtXbkdYrVwd5i5wN8T4=","oWT/Fcxnn8Fy56Nj6W20dPMXVanUc29eY7oIr+oOQAs=","hzKAA26r+2faq8S1GyzeM5AxyDiRGxqUbNYVyKeWX6w=","DH4MTtT/gm5pCLL7tJMwcJiMRpqyc2uxy/DYNdesJ3M=","bKF4bmbdLT4b3tfSNj9IqKRdt3wVKCyPV8WuvfNDWqM=","ME6FCXQuRiuNcPPGoxLU+jmj7QHx0CVj0rNVASGvgQc=","BQ7g2raBP8g9atjKXBxQiVCN1Qxtr9zH0ouIa1eStjk=","mIzEbC84eq5sEPgp+KYt4r5IYHGTIjoHHeQcp4PDNh0=","xOq8K5gyHe6KbZLQ3XXeihsMD1cfg4fStp0O/MPIr20=","rqBSYtMElmONlrglrxib7lg+gTC2UkvkhAIebj2exFg=","PdxxBK1Ky6iF50vFURKFhdO10xUznDso/PoVteC89Lk=","mgQQdi7LUYxOvH3blP6uZR9FBB/gzcN1AOAiqiEsAMg=","jBjK0pjv1IrXf40XVZYCnIti+AOS8a+wxZSi297arp4=","6gwQntay0QH52Ecm6fd7YCPxgm6kgbWAHBBE6HIxzxE=","Y9zPFDbplja9l8eP1OpzzbQPt9AKblTP3vRJeeFZwnM=","UpjD21CrFKry6PKr2Vi7rikDJAdh6rkTAioEP42jQTM=","aB5QGDCrFuOCCHiGM0+0BbbOyAMhCME4pw8rCd7pqmA=","LLNbGQEjkoAIQi4dWxS9MSiTRXhzODUAShYDId0fKZY=","jMtEDEdnAuvCicKYodgbOx0/w9vHDaGfIsds9HFcDhY=","cdcNttn/KAdEuf3BGbd51TfHpCwfkqQS698VSe9N40A=","MEFkpyjaf933QpRjIuiJV+rsDaCIP15oC06CSaXj+FI=","FiAqYsoOVVsHiN+2tjCKvWWSfRZzJWDXZzIN7rYRDb4=","YNreGWcADTfl6xPnjn22CRIzHiZIpff1WrU5nvxKGmY=","O0OSI0mIek5yFh9a01+f4wiF7bGJUgXKYhJE795cOH4=","cG16G5hEbYr/gl6oR+rfZoq3lY4Fa9nfV0MX+I1DM4Y=","uzwGtdFHwg3KtXJU9ucbGua07fZ7FS8rsyZbRRJ7lPY=","hpdzF6RMTob6J16Ofp/yTZttCmVYkTRUGf43zH/NdBg=","pqwAvkz92RbVUD9lFxbxas1VIuV0d8FfYAYZcyymdD0=","SBkMOcfaewtTyHp1PPWcQ6whNEUy17MeNyGKZpcLxwg=","GtyaRB9sSTq5li9vDTpnngF4ZMuhVmu6tsPOHPXIPSg=","9kHN+TCje1uNn4RFSHRSgfzxOI+ECm8LDE9XcysDtY4=","qBRJLakeyG4Tk1LwU/qqSZFdObiamhAG0BJPMtCzCNE=","U5CJQhogO3Ryi7ueIoZfxAoQ6pcFAzd6VVP+DaFVZPg=","SAUXvZ04Iip63lkbRdEAkPqnLeg8G6x7qoc3p7bDnsI=","msO9FUTK4y/ksNKRcTHc8j8rYDep8uEg+FY8E8TeCh8=","zs6+NS96zdXi61KeDQYPkdJ00zS0rjOVgIIZweeHG+A=","G+nGiJaGAPl4dXOPOVOMLd0FsQ+Gqden6HJhfABhkTA=","wer7LYnyescDL2KfzAaVOYYS7QXmxYL2c8d3TfnAznE=","SGkembd81GS/JXmOFV8ZBmNk8kFEoG1wnaMpnhAgwkQ=","svZSIjyuo1gkW2gjRrTvFqsXx84RN2FEhAxStQ2+GXU=","feQDpY58xFqcw1S0/99QN4s0j5ckUMcYlvMysw90ce8=","LV0CGWF0zETB8czS35JTAj7ZbO/nx4aNIk0rsTQbcnM=","q1LrCc8ZAPhPdVBDio1B8kOZeqxcHLMSNVJACuVAdLg=","wpdlGJTSVyMqqv+qW0PSI8QWafnecK4s4hH9G9wBPlQ="],"block_size":4096,"path":"popup.bundle.js"},{"block_hashes":["xFPj6vbI3Snoza3orHfB5SLTbsgFBCeCZy00CUWI9VU="],"block_size":4096,"path":"popup.html"},{"block_hashes":["KbqxUOtcGNSBl/nISEUVBu5b5ikC3upIRJuHP7f1USs="],"block_size":4096,"path":"star.svg"},{"block_hashes":["GlWlztC2KaC9yWa3a2zUNIz33HWgSpHMxjkAvqjNvPY="],"block_size":4096,"path":"united-kingdom.svg"},{"block_hashes":["Vr39VCD2eg/0/m/MPfDPS3bdbJzWRSQHEt8catrvMO0="],"block_size":4096,"path":"united-states.svg"},{"block_hashes":["2Ajeer5dUEFUVsVfdD4ep1UAqu33zc8yvMvq2XowtxU=","fsHz7npe3sH5Q/ZEkHcFNNyCyAR3lPSJFs5LayVvXoQ="],"block_size":4096,"path":"warning-w.png"},{"block_hashes":["xvkJA70AFOkLbhHKkQq8rmfkH0fd6mihW9OSebZs0yc=","zGYlih2wkN/W35g4Cc0KOjDuIvFKSy+3cjcl2RNdj54="],"block_size":4096,"path":"warning.png"}],"version":2}