{"file_hashes":[{"block_hashes":["Why7Bj01gtdUd8DnXjZ8mWU8NF5B4NO+JVnNuntDudk="],"block_size":4096,"path":"_locales/jp/messages.json"},{"block_hashes":["oNG+dNjDiMgkF76G2TxCt5AXF9tU4NFpUeFHo4vCFNM="],"block_size":4096,"path":"_locales/kr/messages.json"},{"block_hashes":["xZHx2KQ0VfyhxAZzaJ7eRkjJg9tpaRStOSGcTC58lz4=","NlyZgUCR7EeReLQ0wNdZpQLBMaNKTjYnDHP2n5V2iio=","EaDbfsSh4HGgygboI0xH6AicZsoYOTdjKXlxVxTQ0rU=","vhbII5z27rt8xqVZphfuA/HXJhBgY+Dmn2lnky5ILx4=","+u/ak14bA4yHG+APSVi00PRVUauyD0OOl4oBBh9EwJ4=","sAUMz2wY0E1nK+kdpbJ8YsZNhreybP8uShPEiOb30gE=","rjJ+o7x+TyfmqiUNUX9QqXXynmqXdaIl5Lnx7UvK+SU=","8i729cStnYSNVMQPSsmhyHQyZ4tCUXHp43tYcdNgoKM=","SwK4hyGUvPxQTCt8ddkoI5PN6lO+nqSfAcSqZU8X8PI=","tTnKloQXq4a/Py7JvdAN9G+Rt7nKinLOHE5gtgXBM8g=","lyOcTRM2Sr5swTW3x09gwhmu4Je87Y2eXSG8qtSXZcE=","5mYmS4uxBRWz++q4UoF3bLgJAFi6Gl/LcwzbNHjRzag=","dlv18ElxdXdWWWyhHms0X96w3S4eQrZ3buHkPhw0wf0=","gJuGjNdRAybog+kOPtwsUZMwG2preXrkcHQDh1IT6cg=","28yRw0IFICA+rqU9km3HIWDCoPPl0sk9EU6xK+oidbA=","qHCY6il6UAyOlLKRGT7PEzXZZ9U5X8pPnq5qLM2LCcA=","gB1EFFMHI64EZ956iB448JfxcKBEWXJzni4k0rssJSQ=","KyPaQ0l0bEExOZ4r/bplUX3piQtgRGfBXYIZXuKsL2Q=","iZePf5kpLhVfScJrupoNCvVyfYP+E5IZ8KLOjN7+pxM=","dn/wI4AzHW/iSgXnfnt5mpRewL+JPJQiaAzVrI3AXM8=","MV1q5ZpBwC0XAY9ZTkWClmmHAjWrmBomL4srrQoZ4Fk=","6vkmshZADdyQlRWhMzdv97plFGbeczhJ44u8Mx2GQLg=","kmz3W3kwqB6jIVNl1Lio/jYLnJERmIWJFSyxwgZhC/Q=","RCEhjjuZfh9nxrwI83BoaE2m6dTA13kFt96BbQiBCsQ=","udXQmh4KD2COBCyl6DHNeLSnPnwyS1jygZAVXgciwSk=","XU+ZrDAHIv3Yw931bmp9sdKyVT+FXG4qLErrrqyYps4=","UOSbp1QLCJfQkHuH9zywWvXy72hYHqf4OoL6jIGCa4c=","0389DYIgf1H0/ei5DTdB8JB4GYZJDokLT2fUUpNkXrU=","QRt/prpOSamaYK23d4FMA0M2JoHO0UiCgKy1mBNEdxY=","l6nUQ6tkma1GpX/qiblWnjvzeCXcMOeRLKNTsQleYHI=","Ed855ZbMKbWenY5XcFfn9H+947ljzGdu2Q8QyaFLsBk=","F4HhmFlqT0B67i4dabX7vgmoqsOBfDXscApW50usDGo=","oenrceRnFRdgKl+WKdmu92MqiNUNWEwo9TvBBuUz21s=","OgL7RMM5MbgQfiSDh2Fzva3RL2TGn66aYI6LfuueyCQ=","ATTUUhIWmQMhto4N1f7nem6LzzKCy8QBxLME0KLa+Jg=","mH1WdvNF9YhPXvxicnisDKZEcVKmXN8aknm4zBjwIMA=","eEKAJ9ihGJAmp1UiJEvrOx/2vOoVIB/UqOWQXH75I7U=","c6JY9QEhf/vUk3lTooWiL6Hy6cZjIkMjZjnCHfa8Ym4=","rUE2NMH72dUIaBoUJ4vHzH+TlqKoONFuzA8yz9Bu56s=","5bhmgx/7lLwbBiGsHjhVc8eMN1E1IjbxjKknDHPfCqI=","AeR7IYgWarEBa4dxcMZZc6FjhKCas2bxmAtKda9lLl8=","oRp7Xm51WROkTFVbmZ+FP446onzciDwKH5iEY96Duwk=","JXajItrrugwNS8BK2TVznxdjZSeCJvJfZs+cdVFxEyU=","nwYQ8/5Ulx7NvTKDYU2CyDgZgG0I0rGQJ9WxaW2bgsw=","SiqiWTV0NJOY6iwQSNVdZUx8qC+IoTyhSPncXklsafA=","KiExjq4i01kn+NoiCNLaI0NiDpwOGP1LMdqh0oFAtD4=","2Y4yibEVezIgZ6CeEjNsS0NtMxn2Zm95kiyFLVB6BaU=","2hFgYRJoyYn4qdOENOnNiOIJML8bqy2s5o4t5W7UMn0=","TpqTdmi5x3FysclEmik7/yS+yO78PcWce9iNsMe6Y/4=","U8FpsGwQQfr676pgjjVpk2nyh0To3suzc/vx9FM/DMo=","eDjJFRQXoBZkJunJWdMsDjstcmlJr85xsHno6ELB2oA=","57PerPp5V347RlP6rC0VHlgDIYOFF3+JXPJqMQYHpuQ=","e3LfSDmr14YdovV3fF3JTJyKwMxPusdzlKGP9MD2A6M=","OjumULhrvvR5FS0GqKCWiREX21Xzp2Dwrfgswc4yb04=","7XXm3kNvgB9uurAgilXiR+gcJr6Q0XPn3Y/2aKeZ01Q=","0jkCEVpUFWgeVAriLNJb32J/qNyP8dIAQNrQjHbY/cs=","8Pa6oWaYR/r/qSOfzX/Fc8klThfYz5ZlvhVnH4AIk+8=","h5gwcl92ZPZ0l0H+sXWwJMpCSYPHNNlbr+/SutYAjSE=","+j4puJCcWK4j0zCN8Nc4UAboJAytjDin1kNQGf+eQ68=","2I6PjbddRnfTuUdDCzLj38MY+lNdSdIbcS+4Fje6bUA=","PvOZNDB0Oiaf1IwMHuBPClHy+0d9lpxN542k/H3Yqk8=","DHBGnwK+AZS7YFsj2ejt75RTorF7R2ci87jlx/4QkAI=","315zLGrQepQBEHsspLNbHEILWC87nrAASp57lmdRorU=","K6/1PgwrZjLXp9VflYJEWEIJLggTYaKHPO7KOPgHwfA=","XSAfuLh0W0riimznf1t7ZDlA9RSivIuizrz0QQ9rsg4=","T2QL/CyCy97tB/6T6R7HPp2lQ4GFs1fTfD7cuxo9GkU=","lV7fdn7481uaQJ4C0p3c9CAhij+ydMgZkMjuOQThwDA=","ckbtDxpOUy4AY46rBSLjMchjBkmD8E3WgqxOGmRXfcE=","E195qGe45J5Rn/jdEPMNtqTY47GXZP88Fp9F7vq0cGA=","ieQc9IRtPSPY+AKfkR+/IGhdEbbf7APPoMXvZMBjPC0=","sViDUd49vwRoh0dnWBrT0zuYnA48Gb+5WycmqIvdCBM=","+yo5eczVBy5XQSqjyqnH6uVqY5wyCnZcblOcw0bgSnw=","eGPsmN1TFTxPLxepXGDUas8vBcXprrrOAIBcatNfaJ4=","7rvAcM1lZYszgJyynk49LWyRLegInbj8a0byCEvcPBM=","HnsArKh2bPdZsPEDGh+RMnphLYDHyjmBgpCeRBXPxRg=","xwtOUmJI8m0Ts+/JZeZ0JMVOE/oqjptl2vNKx5k3grk=","RBwZWIjbontpr/53pe7pNf1ylMPkZUO51Gfc28hL2K8=","2Bm2J2FpaKeE0W/02YM1Qkea9r+TRJMUxDO66x5r16s=","az5bg8qxvVdbGidKUDJjHh1MUl2yAeJZvvs6XXHdqS0=","n4N738BdvpHsiY5LQ2UPXvUvas4T+qcm3GCspX5CA3M=","WC+amtCZ8td7ibE3LgZEM1nVDTlaX2JOxy2wtPkdO+c=","lTR8Bn12n+3ZXUc0NDBC9gG/yQQrQidrExtZKSfowjY=","XYmQEBTKJ+dPMRitgGoRThFUs/OvUKInI/I1sd3XFuw=","EFiEVttI+E6JZVGVkF1KHjar/0r8VOjI2Cipd/XPqcU=","AK7Y8bywHA/VSgkkDsi+i4B0BiblZUBz1wafBZpaHwg=","3R/u+Klw/H6oJMnxw3AJR3sUabsToFzCdNA2NAtnW9g=","fQCls7b4yyiGmjidS3Meok8JJoTQtqGahG1hVZs8GT4=","ErIygdfaYuEo/2uN7DHBKqkgaS1Ls0n0Vf3NG8qrTN0=","0IaZj5IU+3nIWKCj4/1vEXQFQrbroXby3qugZucUWRE=","Tm6R6IqG2lkV15hl7WA9c0I9iu5xZ9OZksGXfVqylII=","7A+MmxGA6bDidjve2OXoo1zcqdcsKLKW9QkD/EC8nqE=","ngf+wrnHTualXH9Mh2xj0SVu63R0L+K0yPkvBd45STA=","KcLAHjrRq8vOlR20z6sk0OaGuFtf1JE9haYxkHFtbCY=","uignWdOxvPYNc379VSTMZR4WqySGpf68At4ohRsvDcs=","mOvb2Ag7FajePGAXBKmwsNP0OZCKoR0tnIVbAA0jTNE=","rLKFRfcVYbXHS2CavWnycRQNuBjTEzFyraw4oYOjKyg=","EIs7S/5iOZP6lNWMJnqLZL0sq2v4Pv606p8Cx1gDtbA=","F+wNPkqnXF8ymA966bt4dyvSAa0rjeBXdKsrE0AkLvQ=","H5EeMVJAsDS22TkpJwSAHv1xLeKwKOdzBIZ2gw/49N8=","qTKHIjgmiHdqdu/jAjFgJCsM7RRJ2AYCFEPxAPEcT9Y=","HDaAyQ1epxBIPikW4GXT3cNfSBahpWO0582YDACqQQ8=","wkhe0atqqGKiTSExgKMn6bjTwUi2LECgShv5mGkgCq0=","haO9nMBnNUw7CXeNbP0/bZFieANdGxIIUg8G5uu//gA=","KLi5oNbUNpcgX2YSXEZchtrUpEway0KdqernLLeqqnQ=","IQAPBDcbX5wQQPE678AZAG02ha/QsQrg9QIJLwgl8ZA=","MhgZt8oK+1V4avgR2s+5F4KryjLEwXbs54kViCMbxZE=","5lCSqiwZlEIrsaFwPuvTdCFgSsBxi/J48SFBligq2Yg=","tO3ubSqjFG0UEJsArAqk95Id/xJvJ4e7ugNT2TiaClc=","EhGalw5YcRs5V9b38b953/S4kfCi91nSSAwr1ugF5t0=","tlo5IbYpqgX4b+FnRkEJdeV+72RJZ3gsjolpxiSbYN8=","jCiW1trT7P9TBVXNPSadHDwzVuLmEt2ulKqEZhmHEcU=","whlHMvIqkG637KcxykfZR0NhyZtS24UNN1nlFqSU9Y0=","77GIanE8vDiOEMoI2+Huux2pjzF1Rp123qNDFtuo5pU=","WOBgE0b1ahjv5Mz+uknNR2sO8rKLOFbfYMMY3AQhun4=","8yeFuMqniFCDKYForf1ZFb/1GAGwVSclTPCW5aJtlVU=","2mL1JIpDxriivb/bVX0k9SA0dviz3IR2gdkFXkTw4PE=","ydHis/Wm00yEGNhlxsBh2x6jO6N8r64qvjz71oEG4Ms=","lD2b4gbrerSKqBQK7qiYw/WX4kFfNR5h+Rk4UfMsUZw=","/n7g8U6Ff8/sqleAiTzarnfcA/bqpNRfVy8i4/Ug4K4=","MJg61w93LW9LlKn1AzLnuoeKygT8fqyG3yRKRodEOFc=","E/bhzg4hbIprkQv95mq1UxGtDrRxAvdt86VnHXbsCIg=","PMB3hAjBRVCzXGgYF5ggeFnMqAGvDYZH7QIApLkZ0SE=","mKmq75yO/2R7XNDBka4m0SbQ3IWUBZgGBiCGX8ix+Ks=","YDmXuLjWeNjS65qjfTujxmmk4pIy9vrp5JHENyxgYRg=","lWFKB/Uea23RPlPT10xBS/H/t26kLW+dHCe3+eQ9Z2M=","dEgKbQ3UK0QX6XFA7hzLOiPOZlKCJDfhJkVz7Xb9RP0=","x0N4GjCAI4kYJFloMqObfJQzpgKjJKpa0RajUQ3/yQ4=","hEwC75hOvQO1GI2weGdgP1AfzIFCpRW9iFydnXfetAg=","quAksIozcNIakKIU/Q6CQm6QI87LW8kjfPkTOvsyhz0=","5rtiKWHTX4m4RuiVVckkvtBBGU9fU7oFTDhCbMjLiz0=","/j/UPsn+y2mDm6SNGHccuwrJ/gI6UGvbkco5NXSS1iM=","CMWQ59W/FdCK6AUKKrE9sFBaCnuPgg8QIVgAbKzgXsk=","2Yf0etrpT+Y3FotH6RoXYZ+7rCGDdyeYZITB6ORQUwU=","VSgyveTMfMr3Mbm2n7rL7YT91h1AkuycFC8iVB0wWmA=","xGN9NRa4XZrEd6MKUtuDIvUzOtMaxrO3mfcr3DgdAc4=","9rpyNttc2niZ2XdGFyJjXICWAt2L1d5DKRVzlfvZWUA=","jYktzTwqBk7c+qNnaPjNViguBP1MBiVtKL6d9qIy9HU=","vLc67JbZw0hChXGyY7aEkF2IzpTejzO66OPi+XOQffk=","xGX7Q6uGEE5+400iGTZ2G5YYQEq72xXZqQcNERq2JqE=","oTscfkGSrnBRHD9Nv/af1YxnssSqD4S91gMqJZjuUtE=","WN0mOtUuGXCSkfGGrXj33HXVTAHD7oDShR7QG7+CyHI=","hem8R27CuM13uEx7z5Z37q3j8Je9wi9qORJAoxOM2rY=","Giva16TJ5/aZOdcWFS2iBUe+ylykSXb/xNc9gcsZc0M=","gZFKtEo8pS5uHFNXGKjql3g0GGZr+C8kf02GpSCknag=","hwlgvJ45cjevKKsxUdRdjCV6lzna1kEZknPTqUPLt9k=","3ce6X/VBZIlg1AVFrPr3y/2q+IHnTaxUGqxqXt4qNSs=","Ent8RhKcuCYngYB/3XRTx1XVBz/RWpaLDHmLvr0a+Cg=","4AIK5GKmz5Hcgr5/YcCIOxXKniUIvS5/R3Tcm10noDE=","xlKFz488xwj3Q/i8NinRb5anJilirl+QO7dTe3Cmrf0=","8vxBsBVBCa6xZj5aBZr7xIOqngt4l0zYrOFu+KPH4Z0=","Q/WYtulQlwcslZpMLT5c9knyaqL1bN5sp+N/TVFw+xc=","eKTqm4gBQXX9tnZP8p4oAovvn/A+DJwbYkw0P844Yn4=","VjgYUYhbucg3A1sX2RrTmgyEH/6KUaNuzbRQA7t14c8=","zgvinmtrIEidiy+b6gsi8/QHWPwoOUDESdwe59LrUYY=","qkQVdY/xHIfrOpX5PlfBz/vjeuV43ZCpIm4bPIyVUDk=","yZYO1Sh/KxxUal1Z6Xxlp6sJtOkW5ldbcn4LtYLFxYg=","JqEq7iu6uBbfj797cpOeCE28UPlHni/hCQJnnNfEf+Q=","XTbX3Qd15LCXYSbR4wyZhPZcRe3p97giEYTYXMiB8MM=","6ERM+ywZRIwU7YBtwDo1nz3o8bMxBhNRvPT9hxcmipE=","Zziw72Xpcv6WS7RkxhpfvGXJC/PIwfhdWSt0w7ukGF8=","qbtPeo4BxnXTH+lZ8qi2VVqvSTfOlKIiiEJWuf2tPtU=","RMm+tpCCtUTp/jmmxAsYEQDtpttwPmuaXsxzMOvFONE=","8SFgWdvPSSOV6a3G9dmBOqf8x3gP3HfczS6uvvjk++M=","04wCIae6BcEeTUP5U5KU0y4J4xrMu1ys69LJmA5f04U=","x6U/twmXNBnLrWxZpIGNPbViIpXHEG4PZfY9PNJp4kk=","gElPyYR1GfG1SVfV++qVZvWgfDEtlAoqy6C9lvyc7kA=","NHAdkUPuBdF3EdDr8KXdaUdFNp16vBiu5FUJsbBCimU=","5wBQGR0FZ5OtqG7CWDwYLipLVDkb68y3s1gSSlcgJ0s=","4f6WeaKiCAf8nCBbBzd4EmtEI+e+P9OBSCq9aBuEPog=","xr0b4Vxs8rPuVTIeAeZm4LL5VfG1iKGWk72KS6NxOmw=","RhJIjoqv5DR0qC+5alg5FSmDMthjvQylxCAJfdheMjQ=","G/PC5myGpn3czXKy3lmhcZZSiKtFyFTNaUPuphxBWo8=","vwPjQYSvZqrmjWO6Mwj9UnYKjUNwn2oYV4QHOLC6lg8=","t/wl+GWBay9K2oLFZTnK7CS06dJKVDC6d1m5JPl3dHw=","nzEs8H5RWY7zUcKb+TeYNykxl8H8cLniEUMEro7dDw0=","LUlVvmQJ7ZJeoJxYl1AzSo+jaDPDBCauIcvpdVdfPQE=","T+NOrGhfMsf2mhP+W8FQkjrNUmaDoL9BaG1/Jjq77oU=","gdVCQ4Dast91mXEnv0Lo6G5ATUchz7mGlLvggOF18ic=","oU1whARUak7FapRhCgUwDGtP/otgUuSsxaVHJ6GX79c=","51hJEcSHhWzdNc0YP3gNdKIhixMFHWoDzUzWs5LUM9c=","S+D3PPVTTKrbvbKwMk+q5p4XBZa/SfsJTguuO6ATa3g=","vlk2f/RyZTJqwTsSc6K3iRHFZL/+1NXC0GE+pTPmq1w=","/Z45ikvTFU+yj/OTk3DthR007ZpHNM0705feL/aDwM8=","sfQCCwqrsrMwUE6/WU0wO9GnxmVHm2ArVVtg7Ooeh7A=","2WcUsAJTzkwsR/2wQ6Dm1i11LOfI+WuTtJ3MSesYFRs=","M0oJ7oFn/j7Z3On243U2PmUA7euJWODsWkLU3SIvFL0=","p6alZ+r63N2THyFu+eCUtdXA8fmCcJNBkGZnCn2803E=","e1HKnQWjM4JTtS+/VzGo5hG45um/w1KxJbc0tyB4j3s=","vPMNJrnNt/w2luP9FPAfZI/JrReenRjAvCEpYgvTI1k=","hlRdnjOSpWFrDXERZIZGG1KBw7oNm3PCunLnI/bqVtw=","Wrd//sZgs4Hj/rZyHoVMdGvEPpEiMbmexb58GZqzcg8=","6CklLKgPnUVhqEb1SHQzB93JRWsJSfzPlg1Bewr++ac=","+bw62KFBPttLX2GyIsdVN5lFDDG8P1gbXqGnojIypqk=","i3on6hnvfvN0fP6H3E79RFUIm5cPQ2N6NEvDBA8QqJ4=","n5qngs0QEtDrjArOteVLTlCCZy/VGftgtoh+AH1QV2I=","udMNJBXsI0Af8qtHjfMDmi5ibHjHo+39SfcF+QSepbI=","x8mZA7BDsOJalzyWKGq5PNEVZN90MtFDMpkdi0Rm2xQ=","rxbTgF82dlm4bpbsViijEN54rQ+YkMiL6Rfr9iyPP3w=","uxrk+FEoT5IT4P+Fb8H2nEBVlB+O52adQwK5kYNP5ng=","qOGeONh1ke/+yeoW5DXEpt0KMtOyb3XZawozByKiPuY=","quCC5vmmrLIZ/EZpt6hZxh6eTS+UHukvLKCR3MIP+yM="],"block_size":4096,"path":"background/background.js"},{"block_hashes":["T6qGdDOvn8zocLkJ0MUSR3BACu25nkLOzoQobuyN2LE="],"block_size":4096,"path":"insertion/insertion.css"},{"block_hashes":["3gCzZQpIWaVlZXjiunD/MHkegQR9HyEsWZURO67AAkQ=","vkW5NnSlEAbOzr64MeY4EJUjC1mk5PwnqLYlEJOKktg=","DMYul3zg+mz2GSRSAG5JQHKfluGj/JEvdIZZcB2a/BM=","7y9sPRJPn+TxuCSytRxsHS5jsov8UJpR8KWoQwvU26g="],"block_size":4096,"path":"insertion/insertion.js"},{"block_hashes":["/Fo3Q3D3JnZU7grFXvsZdc+pSB4POVZaIjqKv3mUfK8="],"block_size":4096,"path":"pages/blocked.html"},{"block_hashes":["8PVsfvgUsHLU93uuPTCWn03cQjCZLlhx1z90XxKQa3A=","r0HsLeJG07sF+2HucSrJN8o3KMmnGuPNcI4unMaFh2E=","Zfqtb2ACzjpRCA4WGFx5ERLaiQ/JkLyJebFiQytdUXI=","RJahxWmlCLJfA/5r36B3nsyZ6LF3wf7sAQ+SBE9tSXs=","jANBR576DXUZ6WEQ286uOq3SOGUzsnyGASpX4dKfhV0=","waZb9npvjqsU41bf7OYhG6mDb7M4vGbYYfmVsBxzfPU=","A3b+7+iXp35QAOk/eOdY0+DjBVegVMwxbC+dyiiEkQA=","yamTogM+8w3ktvMbc6t4d07kotQv6/PvHelKPdfxusQ=","uzFjZMY57FqOXSeUiF9vl7PzON/mOqfk0UcBwnEaXrY=","1FK3IlsoZP4ElrkOY1eCrDMvqz6r07kVTHD6ZErImy8=","YaJRwcopnTDVCgxqQ68sSraKWFgv6IvjrSiMbTdJ9L0=","EvxWaroMsEHf7UDwtoBicycSDO/lq5cl33SIXCNpon8=","FsA7TSdj2XRvk/k52g/7ZXDCfNZgA+9Wc/EyMLH+0Sc=","9j4uSmbYvwLsGVNGM3316MwLZ/HFiCI62zHS5KqfFBI=","/nY/us4XuwRnCOzBBTdbJLhp0XFEdLEqXj3wXDeu1jE=","dqN0/rj/K828Bu/ZwnKWCsDgymv2FcynhfXjJOf183Q=","u1K1Ir19wwrD+myJpOo7kOLhLje43sEDiFvbOin4ryo=","EEhcGr4SIOUBiBU67M48r+jkY85pDh6xcoBAWKRi7b0=","f2wJshb9dVtsvx/dMqjKJWZD34jHdptA5mEkJklEsok=","uvw9EnKKiUXI59jYDqvLmhNKghdUlqiq6Bgc7qYHvrA=","zGqQE/CdGjy47lZdaWOT1VSK605pCCULr0FPsHszLnI=","WG6MnR6mw7ZJGVzi875daepEMlLnkn9bgpAaZEz5X8U=","bgvVnfdYBdTS/TjuQCtNCKkYUgGwN1aAiHhzB+wt19c=","tm1ziTHzNWUGF2ov4wz+Vjockg7tZfDAjtbbY/ESIEs=","sVxIdiYi2BNhuGIqxf2GUJ7HgXLlAJ5M0j7QTxelx2c=","Yq4JEW60NBGHSu232PoxdH90STvxwAi9avImLiLpwGY=","5uP7qyjnveF/y1DhaiFuTiPheiVI+ZVQMrH9MzU5Yvk=","x/R4mpW/Zza3qH2JCQa1ZovjVM3D0db/Vz9hq2a7Q7s=","WU+2ibHnnX7O9bN5Dbf5ByQc7/jqU13Y5nFSUMR0bnY=","rymsgqaJzrPRjDcFsawtbM2DmBiWZjrVFS41sjou8AU=","Y5IC3oUUb2KzZmrU3c9PQCXC/UpmMBIQI7MwYXBjV7s=","LTCwRrKmOZXpm9ofdOTpu3ae0oje38uih4XtUMRi1Po=","el+Xhs8K4Xp+ZSlLhJeBa+OM3fXxSEPSlA47SGULYao=","gZnoEcp+evhDvfLxD2FHE6+L132ZROJVioHNpmfgymU=","C2/HaeIRnN8MMzOQ2fM1Bcl2DJl6okF2EfIOZ5dBCMQ=","aNsQ3yCp8eZcJ+G1cvsVW8JPAbyRRcVhaewG8KHclfM=","/y2emee01I5UpZOQofZjw4IM5xX3biuTyqsfCg4XYEY=","AHMCBU3K16V5uv+BYFHA1iTAJHRVaVHIP7IWc94GBXA=","644KlcyN+YsOY8EaKO2n44exfQA26emKQ8JIaWNTN8w=","fs/6kCv98qwvfR9P4H4v+sJ33rEuzV3uH4H3ztLN784=","kjLYDhh+GeWJdWX1oQnFGHlVVnUoQHFQa0/CmlQBT3Q=","T0RFnVyzcUJ90oMKu8yP6ohqPU64zN8vr44e47RxMU8="],"block_size":4096,"path":"pages/blocked/index.js"},{"block_hashes":["mdIXP/47br7U+LQi5400ACsxr/+2ymrvmEY85PAugbo="],"block_size":4096,"path":"pages/debug.html"},{"block_hashes":["NrBx/RaSACgDA6vTERblMFA5VwBpXb8NnusLVUKepoM=","5OvuxianTJq5KhzI3ePNIFi5HULj+maJxf4+iusRXaM=","TJW7tnZ2I+m/ZeHvw/Qpp6tnk5GkfLVKaHV1NadFZtE=","5GwQcHkZ0dQu725sTgUz3YMRZao/LQhwPS7v/SGcmdM=","5ebV4E8Wv7z0+AxVN2jwcfCYUHym5L0egmzh7yDsqNY=","+WbjKP2n1t1415rsbyqeUkoV3psrCcd8aiRR2eTB0j4=","lokggDUDJpu4E7XIq+kOsDLk8qy7lx+0YWH+dyIyMcg=","M8PfQGqIpVWlL+4SKoXQnXRgwpD+cxL+SAdOcBZk8E8=","L2DNVsEXjjIIO5VV21v6TxvkuqsaObQHRiGVQIvFNlk=","Coonvu0Dvd6ZTVl0Wld/cGZo0MAWagRjWbw3nz0Y2tE=","gMOxAxTCKpfVg+/aEH2yjg5jvEqY/gydBEF4wTwAXro=","dsGgXULog0ddvaEqvvpJqbMZFN8LRicruk20lRjATcc=","PJ8jHBXWr89aQ8Y1rfkdpHX3R9v+DG9VZnYVfEtnvCY=","OmUyaJLAW8oY86/sg8A+jo62ChFJeKYaZXOVVgE08gw=","umYTCeNEg3PS2i47LBZzAia9pz4zDDfMXaWcfCVKwj8=","HRrY1QKNkQ0DNEOHZfe6ruWMdWpSbaxta/9hUAYgl3Q=","SYgcBWJOXM30ijMFhwmiekZqGCBt0Hp53VulEY08wgY=","tqgYlQQcMyU4Vxeb41EdCGTxlzgZEavvlSVgM1WY1aE=","DBSumxbe8GLZIocw3u+53M7T4PWThXfWNZ1DufrzsrQ=","7JT4598BSy+OFV2TTpp71y/dGsgS2tBqj+jHnQE2TuU=","CwtkL10pdgBl2crelNMAMAKUhjm8dpbZZxA/SwPitlA=","KJUkDvIBHvfgl1bas9zQf/fvI94aky8hXrYnQivSwqM=","7X4AhTuY9UlXQeW3+4JsuSnwOBohqBuMyy4RMKKYIBo=","f8/J5oQHHuSCc3ssTu2owF9WmlM0C2sDfHamBd8NCt8=","JsaHdiUwJAKraVreZ1wBd4DVT2QsuNfWVTuGH+n7d/w=","K6DDzIqrttbM/9SmRHn9p2fc3nquN4DKjzuDEIZVL/M=","zLE3tBQ4thVTsfLP6Su9+D4/UNMVSVgsr56i4tUIvkg=","gJwcs3FHnccUO23zDk12ax3pKf0XNXI+DoVJcp5R75c=","xu9S1QjsqD2GXmgGcBA6ZwpLeCnUPt4IqmXX+zh2iNg=","J4PVB8xCQh4NRzKvzGr1Pgkv05Rl/hk2H3ao3aU+fAg=","MVD/3JkgyNFr69XhrXGU64bW5/iks/upSiGO3Puhbh8=","N+o20AFcjymxwFShN4VP74KQIfIx57HtDghPHge9zRU=","5en+TcOtPgIy0MiQ85Uk2hb2FdRxZOxyDJkF0qC/7wk=","+ix5nNVEraBIPZ0LM4J5loARi8gzsIPGRZzuI0iAW30=","RiZdEaZyUB6qaVTAdbsjpDibzYuKbUvnHls7iAeb1LM=","n4nDf/7cD+vlnWR5+OzqckOgXhS8xqt5aqwdg5A7En0=","jGEYK+g+aACEd6XBZza9r4wBPa47i9D3f53CiMN/PXA=","vbArL/uObgC12gkK3wF1PMBkHhQ7HnWVrw9CMpYK0Fw=","hok3cJTwZKBB4mn4T87l6xhvzSZieXIjVyuZITVO/g8=","+9wqiffIFRiNFPtiyDfK3HfQADABV6w8BMudSNZ5BWM=","4Awvtn5oVaGLh23b9cTe0ccfbB+nG6uxVmDy7Z45Q6o=","h/QzBmKJuzklsgXE6s2MRAGThCZgRL5RQTXBseKhk2M="],"block_size":4096,"path":"pages/debug/index.js"},{"block_hashes":["eMiFmofl3dKJ0jpaCLN9XBr1RCRofre+j31FYPs7vKg="],"block_size":4096,"path":"panel/index.html"},{"block_hashes":["IPDmEpNMOLT03Xl/dgN53XLhHq9/FVMt8uAK1KtYVNI=","b0Os4YtEOV9xzKUXgeWx0gJ7D7MGFq4oTTXLYlNF8NU=","k95Mue/ezp4qq4U8/rAUkygUir4sEHiTdwHzI53tjKE=","EFhtrxScZCLCi9lrLPDHAI9qIdE7AwMRxxF26M64cD4=","UWGpCAkD5RX9CcRKio/G3ekRjspkDJAsCsnT+lhHvpk=","hig67Z+DIk35lnqDGYxIHI4beIRgmLbtkY4NphnG2jc=","WwNizsblr6gWDlnWrM5Brh0GfsAW+0BR1h2KTGVB2hc=","qynrDcjBVr23PL+HhzxqH+eClOnUfbugc6nJ5E/zJjo=","m7IY8kLqge747I30hWWQ2jsmP7YCWL3M80bTXxzyeII=","336q/LUJ/930Q/RV32E1aqsAOpYPzp2kg792NVz9rf4=","ug7XZf0C4x1MEc9pjjvCjRkOavsaixasg+9ETTzd4wM=","Dkl0iREnFHPTr4IH7fJNJytd/g5fV6nZghZKvvMWVFE=","0DIScirWGKfiG2mgpWx5USinK4Dg4dT//I4SjEcR80k=","Pr8YF27SQHzJ+CX0sC7FoX1i2k0b9VCbngCIGyWfPoU=","WZDjJnqj+66DRkRCvNXM4x89FI3t9hFguTr8wVUGI4Y=","O3alVe41UptNHx/9TnykXD4AL0UrLuD3KQMrHaXdfAI=","r2CcmVmz99S61MILyb/PNc09PAo2t/11OXXO92nHG1I=","9Mgbxq9Tcf+O0weIqQulz+aLVaK75lzPeFDHbv6CX+A=","EscqMS7OsoZblLbWITlyAC1GFDTFNtxTM5Ihs6cLP68=","XGgoaSRKV2TbhQWyxDhh1iEWltbCzF63Djt8Bgqh5s4=","cD6WP7CFwMgsq/UCpYQ+W66miIjEicugB1JNM8qdbow=","W2ilFvWRAUJ/IAXFe4cv8tH9Azmccrmjff5bQR8hLME=","LYG1K0kUEHzZPMeaCLGAJxSuHngHoC/OTRrle7aHaso=","U0HR4vGwHMUvkNhVETglzikn3Ey71uxI9XYtXZ1xrd0=","15UGNPsvOSKLYRtaq+KPtZp3HBEkhvH6DN1mcIDTNOM=","9WbsOsPEuH2nW4Ew0QcZR8YughA4fy41VgvvFaMNAYc=","meFAN97SnrTdqzR6eyYD5PgZFQ5x0haG7CtslN5Or68=","kvVftMSkFMoY6GY+15e2G5rThGUwx+HTwhSfslQCfLI=","7UCPxe3QmkZbuvhxE9XQjsrHCVcM2BeitQ7NBagiWNU=","WYhi4PcZu29aq0CpnCrCx5S4HlkidPACAbdTSvIOBpU=","7pGaY+AiWa7i1nTzFO7iGl36iglCYCvml+uygFGIscI=","YJLgAOPtvtcUYeMvRyOnv/o2FVxmmPn1bbk2IK80V9k=","syTbMy2vSIoJNtzVI8Xx5VdkI66EIIGwYbIhvx38uQg=","b/cjU+OuubCbXFpATrm+O6YYHbhCZOFKIK2h7aJw/8k=","wt9L1c+IkLHqRc1xHLcKf4vt5QMzJDfh+v4nO2aQtDM=","twPhjUoJ+vc4b6RdQRzFmIArZivpMb2JTx2whxJMg+U=","Nq2P/uvCsQiTX1DRmUq5tpvqitxqJ5zkFX9Z6I+VvYc=","0wZQ8TeRh2jc6yA0qp1nZAqvJOtduQ0MzDvxpqi9d20=","QNR2jtcxD+ygv9Ss8kaBYmBRtRHH9jGnBxILC0f4eYs=","Kb3uJ/gvTqfz8L48FD75GIgANfOjVnj//gR0M6Xoctg=","fz/G1b1bjZFdWqAXpAsruTyZJiQCenMy7SOb1fPuplc=","WyRlNTG8zn+9MfEkcfwazpMAAI7xUqjCXwAPaPt8PHo=","mdYFuzpDte9eEDlW/FlL1XGzFFQ/ZhoGxjRidaqbifc=","XZSJcU8/mi4sdvoawUnuDaeEckNYMBVppacH1VHbDLI=","zYQT0JwzqktioVj7xJt37K9Cp5SenONs3ng/gPylv8A=","8133Xh5qOXwZkV+BqU+xE6JwMebfydPMCRUnQEjCrh4=","I4C4QlcuHzlPn1c8Xnalzc4W4YQpv/f16T5NEOp9h/E=","u/s7czFrpdAqnhq7UJkBJbbRMelddNzogsneX92BOg4=","YunDpTSuZ5e5yAomzlWzvQsScaL94sRkBhJA3odQQGo=","WAbyTl35k4t+amKwmYpL+BQua3x9r5owoG87ICT2Dpg=","Kz0zMNYkUxwS+UxTBvAO7mWk03kzzouddSjmE0odJvE=","0jEC5r3NhbRpAGg1+MqISExweln2DYG1+r34bXAdlvc=","TI5Y7blNheLfIPtAbY3gd4Wn76ffjsk/oNRuiv28NcM=","IkncnlRGO51C664GX/y2Rn1474waSuYtyj2g8ZoI7rs=","MeIlGC5+FXN/SocTrQ5edoYiESUioZ2K0Q1m7uUdXEQ=","xBzawq3AgwSicXa7p0XVJVV/3mCspqUYoswS1rrcTCk=","9N+HGIy5kXPXyJ4h2V69Z7Gy05gdRjOLR3+ceBoViLI=","yz5wWuQ0Xd2/XsNz9+7SNvQmzepjveKhpp0mPTKH1PA=","dZefxH3C6+Y/GakrNB/TSYBPlVLGuQWXaMkm3+O7a5A=","svTDKOcmR9V4Y79tjLg2bxhtg4oyejkeqPsoJSX4qN4=","aLMKh8AQj5Te/aGqTEGGIikGuKlDGd1fohJsMw3p03g=","Ff5e1nvaVooPvvEufM3x7A4yELL8tvMFTvSrwYexP+4=","rpb1keJQIG5+xbwP/pzBAjRffSB7SiQU9l+8sVUuyP0=","bwyUJ6V+DYJny0T8NWkhx/+8rl+LA8HomRqs9FeiWRQ=","m2Kj9hpedxDIN+Z8jdWKbNTb89OIPiSTmqRu+J+WJCE=","b46XXd9+0DXszUOE8E1/aQtqldy4zIbHrSY9rqVhpLk=","+zUNrrmUykWsqeFJvTZzmkoqHC7j4EVZs/K408s9XZw=","+rJTTxmfSbVmLwykrbq6UcSe9Y4qFVY3Lk5rrWPlAvg=","ts0AGOCWAoakC2WHQi3yEo1qUyctFX0VawvR6bPKb1U=","LWzAvp5PSKkU5BXMAeP5OzT0jDkXwjKKKNVJgdHOgY4=","0nYijLFE2zPQGpeQoIBm5d1Vw2mu9nPj2r9baASU1yg=","ChGTn727zzoJSlk87OlkvH0WBNWEu1mTqwR/xvr14P4=","BbTTWJEvkIUGL4yRNVHNy1xS92qVhKpnYKFdZgY9Qpg=","p24z4l6GgFvB5wS1BEiDRhH760ouOMix5li2wshFI4E=","0zzmmH/rh3nK3Cb7I1k3JagW9XcTOfYC+d0lj0AAyL8=","9ZU7U5A1g7TXycGu6SSIF8bkzNcWo/VFhTqgO5iVCrk=","rjlqCOhAU1K+Lls+Jpob4QCfY8pnhYKZZQJEMA9eXH8=","6HltBZ+awLqnbkqUNhZSLderP07jJRzvsG1VT2L+mgI=","R7lXKv/ukt+yi7nPwXzB7L1i6mEeUe4Jq8pIbCcLM6g=","UrrZDy8fi1K6Z9qFBNtS82NTydoKzG4ziwrRmveEdco=","lgao/bxxlYylRUQKzTTnE5Zjqw4XvlQl2TbsBbGtIeg=","5qAKbvlbMbefLK+RUL4xHr1UTC0RdCxcN7Oc6VsHqV8=","AHMI3lhZba+O3/n1t1tEovAg69RCv2VyH0li7xS9nJc=","1SwLkRlIp0UyWXbgdkBJUCeZbXo52hLZxUkZqdVsVkg=","rGdLIujikKcDciTKWX4bL/Boa8UvfDIv+JSgSO0T/Cg=","pbgacGSJzVfCQ2bERqqZkJztQM8x+FFTC0ou1+uycu8=","t3mJP9/ZGCLyI9e2cBAuLvp8xY0B4ea6F7bPwp/isbc=","OzKoiVPtPwkOoHPXWtjed4wREUMpc/jIJRMj6yoxYLU=","1H9pg+CJ0Gb/I7alfkdnhqrQGJiVgHbcRoh6eZjHUzE=","r0jupiB7cSSVBAKJgiVR0QexWKdEFc6ZpRLn4AYmXg0="],"block_size":4096,"path":"panel/panel.js"},{"block_hashes":["zIWBufoDVHgiuNSdpNJNrypAWdOvcN9+a4sj4VEhkbs="],"block_size":4096,"path":"static/assets/flags/br.svg"},{"block_hashes":["NzLdkfStci/cCp0jgeu2XzlWOH3uv89FKMZR2orJ7bw="],"block_size":4096,"path":"static/assets/flags/ca.svg"},{"block_hashes":["fVm6TDB4BoM8EI8lJCSvL6Lp4bq7h3l8Tn07piU91mo="],"block_size":4096,"path":"static/assets/flags/ch.svg"},{"block_hashes":["oTr+m2iJX0/zFse9FYdKC7NE9Sf/vZTveIR0hurYzqM="],"block_size":4096,"path":"static/assets/flags/cl.svg"},{"block_hashes":["PcchlHRxPUSBu/aTUEmWZ4glaebsqM6ULWWq37dSJbI="],"block_size":4096,"path":"static/assets/flags/cn.svg"},{"block_hashes":["9uu8cNZend8FfQgrWEDynEjYl9FUB8aifB020VqjQhY="],"block_size":4096,"path":"static/assets/flags/cz.svg"},{"block_hashes":["8OtmAdzc9nL7ZI65GkBSPxnYTaQ2ymR+jTVe4QeQ7Xk="],"block_size":4096,"path":"static/assets/flags/de.svg"},{"block_hashes":["n0ZRAJMZSgLn/1fJvebKTz0CXc9ib0t6zMbLdO1aWBc="],"block_size":4096,"path":"static/assets/flags/dk.svg"},{"block_hashes":["hGvdvDCmIzS8WxpnlJKjAfD+1DGO8EDI0owI3XoPFpo="],"block_size":4096,"path":"static/assets/flags/es.svg"},{"block_hashes":["YAC8y39b7nwKLw5TzJjYh8rN3JArr+kFt3bqGJdxt38="],"block_size":4096,"path":"static/assets/flags/fr.svg"},{"block_hashes":["wk4rHNpvbk/BIpDx8jdaxl87kKqww6tYieDezAzXFoM=","dqzf3JUXuxdtvkoiB2D5urZMKMpa51xw+4u4xJ9kKvY="],"block_size":4096,"path":"static/assets/flags/gb.svg"},{"block_hashes":["Yddef2h3le7JfttFZaTGg9CaxyPwAkKtgH4XrJXu4ac=","XXCcFDS9x/g44GtJeN7yIwNfxij9O8knsCvcAVAF4Jk="],"block_size":4096,"path":"static/assets/flags/hk.svg"},{"block_hashes":["A7QvKsmkHdDTufjyZQ/KU2aZ/jp9Wa/a7pQ+dSQdNwc="],"block_size":4096,"path":"static/assets/flags/ie.svg"},{"block_hashes":["6JSk5p0EKT0CKmcz1xC7Eb2lPbi5ONoZbtj8W2LU5f4="],"block_size":4096,"path":"static/assets/flags/in.svg"},{"block_hashes":["/dye1lZoe324zcuSt8dCU03tuMp73Io2BiC2waMhxvA="],"block_size":4096,"path":"static/assets/flags/it.svg"},{"block_hashes":["E1jS9qAYarZqCriGCyeM4RXQCHiXD1RBb8Z4zefoxTk="],"block_size":4096,"path":"static/assets/flags/jp.svg"},{"block_hashes":["ENfvRtarmD1lfLZwDL3c5ZYtMpAlhJXrAb8sJdknmKk=","exWFsxs2osi6X4KySgUHSeZmSzPb9ZjPZGhJWEul0nE="],"block_size":4096,"path":"static/assets/flags/kr.svg"},{"block_hashes":["XdnQoRXUINV2Hnv3OdXnx/TvIhX6ZARAdiDJJelCz30="],"block_size":4096,"path":"static/assets/flags/lt.svg"},{"block_hashes":["DDELMO64fzIyeNNb47TtP4udrLaKxIK8KQZpnsx9Oy4="],"block_size":4096,"path":"static/assets/flags/mx.svg"},{"block_hashes":["YI+Hdj+6jzoSMNlvaNnKEYZWTc96H19jzEQ+q5JxLMA="],"block_size":4096,"path":"static/assets/flags/nl.svg"},{"block_hashes":["/6GfjHhxYLNLrFHmraHPBt/XYwom1fVDl57VY9AwIj8="],"block_size":4096,"path":"static/assets/flags/no.svg"},{"block_hashes":["3PaLuPNcFPV3sj8+GLXc334Ui+HWBZzr9z+zG+kt+m4="],"block_size":4096,"path":"static/assets/flags/nz.svg"},{"block_hashes":["vGK3bMhjMG5l0l1+HViTA7DxKdTStK52548iFHpeA6E="],"block_size":4096,"path":"static/assets/flags/ro.svg"},{"block_hashes":["bpH6UQSVBEeYD5lOiaZ7G4dk/aQxmJiYFjvusKSGob0="],"block_size":4096,"path":"static/assets/flags/ru.svg"},{"block_hashes":["+wfHc97/3hHPpjs2FxZynjBhuF9h+ZlCmEOwOTnyo1c="],"block_size":4096,"path":"static/assets/flags/se.svg"},{"block_hashes":["Y7cWS79mmzz7QmpMT0pFInLTgxrVC/Oohcn1Q4yeTcs="],"block_size":4096,"path":"static/assets/flags/sg.svg"},{"block_hashes":["v9/EfBav8DrTxGeHaFJJonA99pxbu3IGEae0DDrOGLs="],"block_size":4096,"path":"static/assets/flags/tr.svg"},{"block_hashes":["7qk7Z1pVaiDgTkT7x+Pe/HQjG101LCpJCqH4EDl+240="],"block_size":4096,"path":"static/assets/flags/tw.svg"},{"block_hashes":["470wRhRnL75Xg86bs5D7WLQ3PraGRFZV5Afzay1Srik="],"block_size":4096,"path":"static/assets/flags/ua.svg"},{"block_hashes":["yJlKjkLHIGTui5ZyLNQUYlK0mom/vaQLiGTEKAh6sWE=","JAEuj2X5yXCrpFrENyEt8oQjDmBfoJ5k+hv4XxifHi4="],"block_size":4096,"path":"static/assets/flags/us.svg"},{"block_hashes":["SU+zuFEWkauc/vL3NftNYfCu1IIgqthuaTuIFyw1Qzs="],"block_size":4096,"path":"static/assets/flags/za.svg"},{"block_hashes":["LwqtBitQzSkZF08jrJZqM0ImHIw02pazXraPVBgkDcs=","vZI44EPEqHLAjvCEzKzn+Mps0BoFNqjnejKYcbk6pGo=","HdPS8uUw5Y7qw00Jv0XXWM/3n4CZ+8rByeCBpfAbbO4=","jHZJSEj2nozvDjG5d/F4Gc0wV0Ji5EELqHmw3U87gVE=","BqgqjqRnvpEz/+GH660uFYL4cPUa/TmKwM1p7OEFkh0=","+Ec3p5tiNKFUmf6eov9YAM811Irz/0svLe2oc0Rzfro=","Z9jG6OExNqmw2fENxZ3kg0v0Vl3kGkiBqHnU2iX75is=","cKczwl8f/IE9NBO5HCchS1LhMpgbVhBanExpo7+81Yo=","mrzmLqligGQt99f9K38JQyAvtNfhn+KrQCE9aTjSawA=","B/x82lCFOAhfqE12PMhP0HBvlNnpnvhgjFbzCqtu/Jo="],"block_size":4096,"path":"static/assets/fonts/GothamPro-Bold.ttf"},{"block_hashes":["QNApRqSGxRbNokqWbN12oSLHHih9nUmfAmo+SgFRH+w=","aG/GqoaN8ipQ2Udkrr24ri29fnG/eDZvvtPzdJyt+FQ=","rFlx+xCEzV6IJWzhk9w5dxscTMpnDnQcv47MmvTW36E=","PxzS4UzyGfYpnjPIhQaYoSvG0UoClA/38SIRRHNjZRU=","dzIGYs/5RJ/CHA+Web2lh0fJxQ9HWTjvEQo1CJwLkFY=","mGFbRlJRZorYGacvVyiyDRrwoAj1cm5ZwoMf3uHVtDY=","z/19PSYvo7LxVjNB6q5+1kFFsxEkxBjPdPs+7i8oeBk=","DNW80GXgSwlK73SZAvNJt+9xZCQPuv9ana3JuN3Vd5Q=","Yj/1FRZVlE7fu7s6C8KJd9rhuWKFcUelAqAm+TziZ3I=","7e9lKDlK0wSQ6LizqRu5QBDJ6Fz23YT1iV7H357M9jo="],"block_size":4096,"path":"static/assets/fonts/GothamPro-Light.ttf"},{"block_hashes":["kABmPSQR0VkvJKvkFBmY+ylhTfeIyqHN9uLfwqZRgzg=","Ba8vq3hoQ1KbCyxMowPUt+s7HMSu84OHrxdz5KRc8BA=","VhC0mZijCQj/v0CaK4NFLC1LQHSxoe6uSD3lT9+2iqQ=","CaGF8FGjY2H0QudGRwm2FVBSJp9PbI4lNXauexKbZug=","+gxPtOxXgi78Fn5vLCCkzfKIA9Mrsz6s19OlZc5yHuw=","PhKzjFacRpcQLbObAj7Kev1ViGVgh0hSzIhH/jmZqm0=","sk9/pcHxqEdfovDLFqsS5W7mYwyG2w8m85mnROteGt0=","lpysNVG985IMEIARb+2GOT6kW9tIM6udQXgSQmbBquk=","/hqyGNtJ/s6egfqpX5pMHhKMv2m1Eddb8VfciY8E75c=","aFb7UBYnhWBnhrrTW0yiVdt5w6pWUxHFarEFj4pDtOk="],"block_size":4096,"path":"static/assets/fonts/GothamPro-Medium.ttf"},{"block_hashes":["ZZ3N4vwa1F5vVxvMVTYRG17UScbidiWVUsME+4RrAaI=","/yhOrm6LOpJyZpCG5HZwqNzeaEebNiJHIlbTax9n4zo=","M8RNJ8Hb2tUBraToTg4EZB6tG78p4WfOkCT+/6dY7yw=","D/tN/GEJ5qHYtBuScUwMyFYZbhd8Eyvt4lASm/dBgOA=","8suqbLIpPZEgdT1TnB5QIVcx9z7oxF9LdXYleIuweO8=","ZqzeF/+G7iTxMEEDhRIn/0SMXkmOMXITptTesgQrx4Q=","52R+RF5VNxfbVbsFkapp+e0d2qaKCjJvb783JaiYqt0=","MLzOuZ/HSLvAvLmtTDgCYhSqDxoMJ7zQ9zMETlr4CEI=","OYS+HcrBW1Hh6eTSoD9UuvABG8JyPJ7nML3daSIFaxo=","mtmB+IbjG8GmA60awamGypsBWXcEatfOfJWJ4d0pnW0="],"block_size":4096,"path":"static/assets/fonts/GothamPro-Regular.ttf"},{"block_hashes":["ylw5VC3atMqTSPviXHfHU2/VVX+DyprFDreRCh46F48=","78IgtDPmFENBwpsbbVr0a/jfJuCKKoLY4hbAVpGLhVA="],"block_size":4096,"path":"static/assets/icon-48.png"},{"block_hashes":["mBsyzKLDVnJh8Uq3HbXEOriWpmsKKBkZa+8Ykwj6ZKw="],"block_size":4096,"path":"static/assets/icons/more.png"},{"block_hashes":["ThAvVr6AyIYpNIUL2wowgaALw2/aVKHaXRgbFLLQKNY="],"block_size":4096,"path":"static/assets/icons/status/bypass.png"},{"block_hashes":["CS1ZjnQ2L/WRp27JLhyxPH8vOzLU10/nuxihT0VG5K8="],"block_size":4096,"path":"static/assets/icons/status/connected.png"},{"block_hashes":["SifPvtx0uAFomV9cNGjsu7tynpkxuPGLV7gnL+eOoPA="],"block_size":4096,"path":"static/assets/icons/status/disconnected.png"},{"block_hashes":["yZkWvqkUQ7m5N/czsq64i0hAiwBWLXT9kL+MwXI4I/Q="],"block_size":4096,"path":"static/assets/icons/status/secured.png"},{"block_hashes":["d2CXl7xBTcfuCHGux/p7s4cotITJSq+RwxPTyjfu1Oo=","YnrxTyFCYE2L47c0+bfrYEpBDTrzkrpltIuRubghFSg=","W0ypR8WVaR36f7yXIshchOGUW0V6upDIIpOPlRfOzlw=","z0JEtiTu957ezdcjlOrFJ7oFML40ac+baiBDgyrvwrM="],"block_size":4096,"path":"static/assets/map.png"},{"block_hashes":["hFZyrS/rrBSx44ycR60J85XZywblFABRBurb4l8Fxyg=","pUrsyy/s02ioa2MeJObc2T8tlIyC9zlhXkLuij0EJEM=","k9AVY+dB9447AbWRbbMjsKujgpTHq9DO0WjG5Svfx2Y=","g2WZ0XfzuUp28MV4egTNlhIKfLZBMs6zRYOg8Q3pYTk=","0b4ziwACPoZyRI69o9V2uvT9GWvSf7rbOeVMcaB6ixc=","Ww3sV23wgJiudwqd8h501t+Mtz71aOAfHa459PAJ7tg=","NW/6JDwOcuwsSbnQItYjW40ih9zqwjRj9Aqc4BjAgho=","2c9ZlYMrJ9hGfX4Xvkxf5KYYaElMpbrrUihyb/lZqeo=","VxhCNKacAc4hfMtrbuMHAzfmVxSkBPK042Ww+cH33pM=","zAfeP8UJ0Qj06/WCurM/QJBw3IdVtLZaSZl7gT3Rx8o=","penAlIZH7qDHamZMAy5/BDCwZbKIvyL1Wt035fHoy/E=","67NncODtz4JKJrtIvAaK11j9IwhR92HB2RlLbCG1Hvg="],"block_size":4096,"path":"static/assets/menu/account.png"},{"block_hashes":["njOAVeBCxoUDQX089l/aeORdxre7Q9ZTrNjOa1LGx8g="],"block_size":4096,"path":"static/assets/menu/auto_0.png"},{"block_hashes":["UJKb5qnTm1q0XcwPpAxjjNgVD5OYug6l6paIjvxVIIk="],"block_size":4096,"path":"static/assets/menu/auto_1.png"},{"block_hashes":["xTsWJ3O5WtV4rhZ2JNsnBi3dDhFRQuoNwfIXxa0lMhE=","BQBKPTgFLD9LCRKLIL7rBYj5BlcvAiVEAlse39MM9DQ=","Gt9OqKZD76LqgmtjXqZwtpYTOON4hsegqPfvtjLUlGA=","IFPkTL4RmbM9KB/lYf1YGqJDDJsJsZRmL7XLua+uqFk=","Dt5rPua04N2NHGtQpKrkiiFkUl86xRNQBBkWKE3Jo1c="],"block_size":4096,"path":"static/assets/menu/debug.png"},{"block_hashes":["/9MzYwNfF9uUtz6+gL7vBU0+osijHqlaUSMXeJaN1Qo="],"block_size":4096,"path":"static/assets/menu/doc_0.png"},{"block_hashes":["/KoTG3YUgouUgnKGgIepb6Yo9EkKei2eB4b0YALhcdw="],"block_size":4096,"path":"static/assets/menu/doc_1.png"},{"block_hashes":["61FWwHVAPuaHWpKA05N1UIQnZgEL2UnlwDSjeAlN4zk="],"block_size":4096,"path":"static/assets/menu/exclude_0.png"},{"block_hashes":["6LFx09BLMkZ9OV8uNPy+sIlD+9uc9DmRFPFvP8j2phQ="],"block_size":4096,"path":"static/assets/menu/exclude_1.png"},{"block_hashes":["XiHBD+866/P9PVuMOMlzqMfxQEc/p9eCJr/aMC+Me18="],"block_size":4096,"path":"static/assets/menu/profile.png"},{"block_hashes":["FchV3KfK690CPcoOrjBKX1xAUH/oXlgXTblPRNXZ9HQ="],"block_size":4096,"path":"static/assets/menu/profile_1.png"},{"block_hashes":["ihdhEg06wy6UtwNFtkn1EPodZ/XmRAWUfDTYRLjbanE="],"block_size":4096,"path":"static/assets/menu/rate_0.png"},{"block_hashes":["7Z0FOS9hB7MbnB112UPiRLQeVOeGx9HG/HwXVyd8qjY="],"block_size":4096,"path":"static/assets/menu/rate_1.png"},{"block_hashes":["wg33qS+cnFQjTj2XMWFC+1AopVZkOoL0W/bR6fxAUJs="],"block_size":4096,"path":"static/assets/menu/settings_0.png"},{"block_hashes":["WH55XNpSj6/HrkiaWoD39bv+galLSvcUItbG3dpYoDg="],"block_size":4096,"path":"static/assets/menu/settings_1.png"},{"block_hashes":["dpvgZU60KXiiFm6s98YdSTbLYrBrZqEQHyFHTTL7DZk="],"block_size":4096,"path":"static/assets/menu/share.png"},{"block_hashes":["GKAGraGtZ5qq4XVMWz7hQ0IlcIU4w6dv38eGzG5YBQc="],"block_size":4096,"path":"static/assets/menu/terms_0.png"},{"block_hashes":["DQ5U4+rD4/cZ+hJSVVXb2JE8ybsA6Mh19vJU6W99coY="],"block_size":4096,"path":"static/assets/menu/terms_1.png"},{"block_hashes":["bedD0MDiBOZqsslm7z7GS4sW0Gnx9rydMx9JW1AbUYs="],"block_size":4096,"path":"static/assets/menu/touch_0.png"},{"block_hashes":["OGtgHeYTJJ8G8GnOnU5mSQqRGI7chhI++W9LMeEiPbA="],"block_size":4096,"path":"static/assets/menu/touch_1.png"},{"block_hashes":["pUzyatbfFkpIWl3kXu4qLieVZyQoupShwqCC2PGsyyY=","JBgWLOu8++LfhJgyx8qHrH5i/USEzJVghxZ+nZmCx8o="],"block_size":4096,"path":"static/assets/messages/warning.png"},{"block_hashes":["BaZZdnhnSqoRqBGuIb3wwfB8IslsKnyBc9XV8qrkaCs="],"block_size":4096,"path":"static/assets/promo/star.png"},{"block_hashes":["KJlSH9ScpodwZFfBEsgs+E/N7pC6zjz2vxug6vfQyVA="],"block_size":4096,"path":"static/assets/promo/star_filled.png"},{"block_hashes":["drelIfJ6bi8dJEDf+6gaCb+wyZLOb1BriEe5zO74GLg="],"block_size":4096,"path":"static/assets/recommended/android.png"},{"block_hashes":["eLVDmwDr6LbBaUdaxPMPkYNlQNZur7l8Hu8iIVYPY0E="],"block_size":4096,"path":"static/assets/recommended/apple.png"},{"block_hashes":["UwRb7CVmU7fKamzKzwD94akYAgUQYcjJ/k1LqakglQU=","dTrO26XhmxIyEVz/QKhpYIAnoIZrwZTz1VGrMN8QHgI=","YIoBUSPOVPMLJZBA9XX8HnCEbz0R0yr8rZ/oysh2MgM=","3pclrZnrWyKkhGJmfnNfFR1nUVSuS3Wjppmzkt/W+Vk="],"block_size":4096,"path":"static/assets/recommended/kaboom.png"},{"block_hashes":["L64ekfqmn8Tg/LewPFceuSFr4xeIIWqpQNpQ3OqgP04=","jWjbqpdnsqWRCQLgH9KkbXTr6qcQvTPaHy/KW+M1kr0=","YsV5DmUG9RjFgD8ifOCLzAaxVUsq8VBSchi5mNAHeIk=","m56qnbVV6AbXteG+jG58L4ENDaeYMBi2VPp6+UX+DEo="],"block_size":4096,"path":"static/assets/recommended/keyboard.png"},{"block_hashes":["7aTwqYpyH0ipEkLn4SYdncRS2wIN8bZqTQzFbCJbHd4="],"block_size":4096,"path":"static/assets/recommended/mac.png"},{"block_hashes":["UPUj2Uvgh0Z9NIaPMultMaC3kNsTj7UYGzfeQJa/kVY=","6uFTtGYKQhzWIfFCqjkgpFH8TTYGvv5scT48mtYg6SU=","YAfRrT9gACDfjKV/RSuxOV6CaG3DU5y60Z8Ytp2Dhxs=","AOmHeS25FZzpO3qvs6J5Yaur4Wf6Mmd8bHd1D5kBjIg="],"block_size":4096,"path":"static/assets/recommended/privacy.png"},{"block_hashes":["kirlFruMYJAbbQnkbVYSMN10GsiX2hZGgS/W+lm4Y44="],"block_size":4096,"path":"static/assets/recommended/windows.png"},{"block_hashes":["GVCAytvvgtrtvbXO1Yl87D6m9lmjWkLnnNjVXffsLdA="],"block_size":4096,"path":"static/assets/share/fb.png"},{"block_hashes":["m0oU1UgI9fr+TGBV85yX9Wl50SNRgFSiT2UU0wv90T0="],"block_size":4096,"path":"static/assets/share/gp.png"},{"block_hashes":["nSvAOG2ut9VGLLQY18q0uyYLgSQJd1L4HdLGBSnEOU4="],"block_size":4096,"path":"static/assets/share/tw.png"},{"block_hashes":["5gAo1BY0UE3ASrAqCdjHN5pJ6cnkflpGpFUr6sVt6PI=","MdZlOyreAQNnC4k4NnSt4WZETZOC32psfeHXTyDF4Yc=","Nbi7+LbCR1n+XgLvWPqTgqa8q8GVsrjr9Lqlj4a8ld0=","GGdS8HzgaKB7nMOeyvKRpv9KhFCmAUAcKaK3y7Q6Xtc=","iZZgFghgLw93jZ8im25mEmFREDPLAD5pqGicEMaVi/0=","N6sIC6zWZ+tqlFhCuWADmlxIhNVQGB/2PihHPcvSMrY=","p1Y9CfqoSCXb8yI4yOQCHKyBRYCB4vlUI4KkxBtTjdg=","2iF61TIUW01VUvEvt1RT9gxFGzLscAXmietKCWgzpwU=","FjWGoQ6kBmqh3rhnvKb/mnLQIzSVDvpfoaCuyoZNjhQ=","EvtVS9rCVcxQF32lwqwnOykm5SrOGgJw8TBu2NwnJII=","a/8vqMKiW0xAgPtInItGuIanr7ej0ujbwPC+fkcA/aA=","QZlo2ZeJkI/TCfmWShi58QH+d/8kC/u9asy1CpUANss=","XvFS/SJFQE/6t0ThuuP71vZm49V/xurf+flP4V6OEnc=","GOeh6bXWp/gwYH+caP5DE7IMe9gHXatnpMI57kYz4C4=","WprbzZ7iD1szvU6/4bSearQ5VbLzrDyU4W6kelDid7g=","Ha7w24aKb8S5ksPP6wDPE8Cb+5l8nqmKJTkM43aMqGk=","ARlVhVq+o8I9jEKzW1+DJqHvz7sz+lBAlImHNhyMYpM=","FAiUcU4qoOuQghaDTr+GTI1uGNpy5h7XuRzAQ1b1z5c=","nL4/d9VI8BS1yddyddFGt4yRjRQzRyfHNL1OyiReX7A=","y8rv/xEnVuH1U1m6CPa1oF4+iEHWOpd5HDN+KocE/DI=","CHRlx4DDNHh8QdZKdpOlridcaQVi/2E38uDtM3N0axA=","JgDAUIfd0dhbrE0SBoMv/FzX8bjWZD7lFy+o590ZTJQ=","QqXhfqkey7e3u9cMS23BHuWsSV0HaTi5dUxGEcnAJVM=","vhI+YMyDRN16NQKdNVJH7Phu8VVaA76TM91E8LHOH5E=","kgLppv6xEKIVm6SS10LeyGqxmWgGTSnmHQ8bfclfV2c=","IhwcbzDXdH1TGUoYqsXCO/04QQ6Sde3LhiZ/ihO7BuM=","nLQfP6tI+TW1xVZwGjr+JRceTIxY6pwhYKwpHHSTpCI=","qyeiZ3/9BbDKPqPwiyM5Q6AhD+pBWU9gqoUdGOw0cqg=","KDIWGftsCCkU2O/2HtG0Gh5mvRAspAoCQxGW+hvXgyo=","71y1bfZbUWOHoytN/JjE7hMfrKUCjX2JTAuHUdCBvcQ=","MW3tliVyQDw5QjKEs9G+1z8xGPmONHmiqFLx2DyWbiw=","Bk9NzK65Ut4ufHsBs7B1fQAu8XVvq1pxdbpY9MyBbH8=","Q1TkJ7GgkzqUahGLU450af92ATshHbJQQFG0gWyMvcg=","3paQ4Ry6qfF1C8rG55d/+RLMVxNyL5fiUQgl5eBUXEc=","WBrW85l4cKjmL/OG0eLViOqeNnCffsurIoKANx2ropg=","hPAqDXVgk14TiUy0qx4hxBU5arfgJpsbUKK0c4Tbx9g=","7ugYqa8PtWBcmj6FoPimyPljyr+PyZzn29vPYbo5j+o=","g1B7UIHXv+N86PvTvEuxum6W3IMKEJcgzhLJZHlpEs4=","f8xe8y3ah9i7Urmok0kljW743v1OxTGZPDdZJCTiOCk=","N4c9/GGyJOHLAUNGpeAD9HZU1FlFjzl2ggOJMZiLrDI=","Nb1ESPgZi/LDFg13a6S8vs8rtK51+iie1yyx9gv6PRg=","uQ6gMY4T9L25fVYXne/pBUbhK4rqmCOGRXQ/u4eeqyI=","01OrweaQ2A7AIjvbWhqAxRcq/yq4apQ6+qEdjpSx3hw=","qN1ewKGNFOEAP5QGTgjFjcyLVisP6PJ++wV/bolgFoc=","8Xg7evD9ar/8xs0fPeJ+qAZvCT9W2bVld3essYDzLms=","KzqeILTWqRudGFgV32pTN7DaclC5yI1vyprwr+yivfg=","onrYe+K+lVHHnAw9ubmy7ghSdR9lmKFXj8p2zerRMmQ=","Oh/WE4euHFeN1pIhOMk1D+CvxHgl29e1VR4d0J03Rc8=","stncizonPbLzpIaoFKv1At8yaJQ39z94nOMR/jbEkhM=","Uh6QtjpmzgV8vMYZU4fdTALt4p5Lq3zIfimv//OUx+g=","Z2bbocopbq/oQ8OrwzLcxLB8fOiRLy4iZzrZMtv5JBE=","gjwDrVwRRkZVy4GJxubDBmsD2KoNKMlHMNr7gRumHdc=","5BgcCXQnzw41c6fiymk8eYH7CERNh6yEHl3qAOjuMqg=","Gq9p0GShnd9NKiYLJuSxBwVEO4zfwYaubf+kCuzk3Ok=","1Ny1D9st+W3uQ53avV6m3NuKeb1/TVwBkZYDlr4yC94=","niYRzLMEMddwm3XqHl76l14jJ2py+wS2Cjsen3Ft1Ms=","YdMedcFXEimDlVHfmCxWeTbTo/UG68rTPuLDEUU2Ccg=","KIyIuthaT0JSE19RqqWbuFtfTbh0NWBCWP3P3VQ9bBQ=","9ZwSMcGq3G/rOhGN7uKT7DgCiEYVZjoTW6V0vFO72n0=","QYSEj6Ya4q+XYT0wYQEhFszq2q9azVSvc5Ps74shLrQ=","xQguYPWrM2c0SZp8YkIT7jpaN6OwG6CdQgdIua3eNNY=","XvhUzR3FK3Newcg4XZ6A58UDCfUqx1yIIoISYV7YaFw=","Dykdbb0gsegEvBYkjPRFJr3lBxUU/p0i2NXwg1z9wwU=","M/PaPlvLVr1teVYy7ZbUnFLtrN+mIM7ycWip2KC1aqU=","n1wmfVXr5ZnZsbKztE2stlQFMJyTi9i4QuLu94V/6Pc=","qco8QdLs31gtkbgDaGJR3xMj6B+BAUvDzllB/3+XRZ0=","Li7Rs3cO6dfADC2CnQvjgXS8AAuxLzQolewmXZWDLBI=","4Lu3aqjTo6cOaFhA1g748JWrPjipZ3YFwBDW1GS87dY=","SwXVqk0PhBbw0KkvP0R2ojlqZ/gebX7E5gqdOIzcxu8=","rKZZkUArOD0OJwfmBSPYYVAOf9c5RLI3+C1gW3ahv0c=","JgYK9/bn+sXzutWn9YSYWxmvyM3Tox12mVNN71VDUek=","95ktSDo66U3GIxJ+r4Nvh9fO4k82uFrOysGl+BhYG88=","22POdunZJB4+jlvn9LPMFtZLZrRN/KxZ7ZtppdH9Pm0=","z28GsE1moWnW6dZcMY5lS2iIw+qaAkAXZXHylQ3fjgE=","yHbCFyBUncDpNqq1fMYERagAL7Z6U1ZAvealsRjHDqM=","+KRLX6dSQTdiGZp8jo2pmwx9UnZJ1AVIUu6lCXPd8+E=","OU3oPU4AIlUT+mpKR9FHhPJimnFTsJMOcVXCAWUmGVo=","r4ZO/3iTIbESBJYsSZyGUPGPZL1xK5sHiDFV40bRueI=","dlDOTiCoU3j6UjCki7znOYLMxaJNN11JnaMCVkOPePc=","zyiNZHQBxPVFv9WShdvFETjfV/pq9eHYRbYnYvUhlzU=","3HYNjtS8XGviOiNUkzD4ZrQ5th3F+shBG4wtQAsSUIA=","fr+NDY+HMUVGoBDg+A0fbaDxKdPm/bNzwydqhaTiA8k=","p7EKS18wJyzs1QmV4IvGtTwR4p8Nc/IVHP1tJt1Bjtc=","wcc+Sh4yYebuqxRpU2FVkIqfdPfecehLTdyfRILVJzA=","V3vAp3ukMUVYAn9Cfv7KfBae/hr1Cjk9/WIzQnWZYig=","kTS3nu4q1EylgY9YYUJEe1Cfxbsu3KmNlke+/BcCiQ8=","xTaNOQ94z2kknD9av6NeVlJUy2vJqvH8tgADTL6iHAo=","rEe9LqefZy61AZgcHTAfb4ohw+mWmno/bM7gYz9slB0=","P3zt4ABdf0HVtDS87i7xJbxIoelTAhi2N3EJX9Lvys0=","bHsd4UZNmPYgySSR8D7i0n08Dax45A7hSrPhAB8QvUE=","Iuj2lHOEK1tCP3pYM211IQu3lIJkNT2aGcNJXzpNK2A=","EK9UWJvwTvWivhNv4R3LvziIWcKrF3xyDrJbzoZBx0w=","6uZPw0pfGVr7tuqQcLv5mW2sm1TXjRJF9I8g0baAJCQ=","CQ+DDYN2sxl1C7ac79Cu1qnt08WxfjMuzo2B9W7Ksnc=","nYWxJspxQJ9je+p0k84nxHfV29S01aI3l+rZva4hAzw=","F77cghmMfgLPTxxVOKUL5oa/0xvz8Ef6txkZggIh3wM=","ujOy67vZwt2qcuoD9N6fNSbj3WbeTnLuWBPPX2kbuPM=","eJt7TBh8wUl0gfPkl8gzgAuSSVa1FJL8uxc9fXS4VEs=","EYHZvM6VWQX7ALjYVU5hs2FnEBewwyJz+ILrhIUknZk=","6IsL4u5vzatimwsJAmynvUjrqSy2E8QlNlEzUcKyGfk=","IDvRZT98KQCipQw83/TcWuGTXqON4jJdINQdX/fLyuQ=","XI7eb5y4T/swbDZ79B9hzXVfBb23IW80uWX+AXUy+K0=","KNg27ag3CIWDT/MAp/W54VKzdYnT5LISFFVgPH64xKU=","5h3WgUGxlt4VuSXreliExmSVM9zD7ojg5SKyV/bKibI=","M8LhPWgLYBKYmozcjh4TqRWUUzBrnTRyjwRmIBMuMyc=","d2l1jYwYw6Kwwxjrcfc4N5f7MiOimwIuoSd46Go98Fo=","B07RpzZF2kFMC5AYIuok7GEs/JLi0Q9DJ3oARwpQtw4=","K3s5Uz6b1hN07AED5n0QBofn1e3GkRAi1VmpM8LIK6A=","TRXXXyzWon0cmVSJDUMFDhfwDBX3RJFjGBpE/aG0w6U=","L3lBiLC0Lv88vzzyzyEvWG3KXFfkdp70KZl0PeZYyKM=","JFJWoQFJhQ/0GX+wbliAJVbmRRbkOnFEnc48qXMwYhk=","8ptPOc4a2gx3K+Ypymieqhv+HEqaK3kNWfy9K0ZVsK4=","di4EXJHjC1560oz+GFGXCOLtMWflJ0QXuOXCZwFa+lc=","Gu+ngZmLrRMC6d8zVi/8qrdmNW/IptzPyxm4rHC9xdM=","nQMX3LGfwD1jR87vx2V4jLXew4SUwwGjcBRXeqhE8RQ=","tDul2DEvEkJZSw33CuAyO3S574Qe1eKOrj3WbNfNScs=","7VM0bs2VJJ+z1QZRTmPpt8d+2WW9JImjRhti5twuCZE=","zU87AwXAx7EkNyp6kLpWtx4NBQ3W02OltO9F7KlK8jY=","DgzqziyiMEcXi3tLEw4EakKYfAva0aS2j63nxCE6KuM=","wvc39UP9/fstVQDvb8dp68rhW/14tpWc+QC8lHSoUIw=","wJUsZkZwYzBJ3XQMq8A2gf6BXB1SQknwhp6NXf+ZWLc=","TGtLTkhbuPRf1uGJzWcKV1ft9FD7pznf/0trPuAgajE=","nV/IEDd9sEM2II7SX0ilESndj7fEJGXC2Yt/hxZg0Ao=","rM1dQ6rrvQeDgeCWOJIh+m/ldIAbmNGbUpKymIpYE0E=","gM6SGgJtbkm2H0rORBsnEPKLm6ciK/DSU2zf8yCLnOc=","9rqClTSPphOG4acMQ6Me3ok213olfrBSPEm2/j6a8JM=","NeQHuN9FG+km9WpoDFTAsnoqoSB+QMjBhlBHHELVvag=","ufFS911/dLQqCQI8HakmNXRh9Qb6ZGXsJjVP8jupQog=","xB1yxHiECIz0TzlK6Ok08Jui0DULG/dLOS4vh2IDLZQ=","4j/4RbsRfJw2cFbJpOVg5BpSqicfrTMWSSlGYUfH8PU=","z/Uh6btObYmxfTOeFyJVzTjDQIxgRxAYNkC6+8eHwMA=","esHXpLYBeCqYMAvjrPQjPBflkvTJPi6Zx36JkI0AjQg=","h02DcZJBlsREsdA5uWub/bv4N9/7wBHK1fLIBWaprdQ=","5x2jKeBmTPsp6ympU4QHcZb7mGnjhPS0+9fb/Bt1b6o=","kD5YDlOsXRjUC0wBxH9hCjA0V65q+Qb2VQKgkgYA53M=","Qex6aZ2bCrj47akWgyBzbxGC26WZEKCOl+yoLMQtYcM=","gsZIZeZzIQqMPD/S6SCBuHzO5JG5JUVgD6jJpgwhwpk=","9qWmjolKG2XGqS7w2mCn9r0vdeaSvNlODBVmqsdZhkA=","pMS2RgnwdXuKqm3a/CxCeq8ZM6qvSYApPuEHrCS6LmY=","6qznK2W1aSgkswAWfxkOh9imaEud8LzXt+XoH0q9QUk=","XbkTdbQjusHDORALHYpV4LeYjbA3ErSKBlR+3iP6mf0=","QzlPN28LSkro02CdlVGNxsxSN/2ahx4KEJ2u1DvtY0A=","8q2Z3OEEDlHne55HFV+MiuTrNzBhx+cSaEeCWoeRlBQ=","i7LSYbPMYZc5gYp6r/6XqbgIejd02EsviTyG5XKL4qk=","HxBfF1ziSfqWPD4Si7pTBcPD+XLp5XqAV9e1c05KvdM=","oukNpFSs8RmsBeL/pFzwIgPGOzW/n/CmfZR0SZIaUHo=","SMPd7gbBummn1nwHyuNCt02oUbDNzJly1niC+zdQyxo=","nVB1lT1IHNb91CwlHwT/dH6obnUOqZk9frlOqBlsFfQ=","sV0w5ySNJG24zEhTMXtaXk/md1zG0m0DgplnCzRMpWw=","7boZy6yILZ2jR1Ef24we5cyBV9awbdjHCz8f7aD6RF4=","+qC1ddOetrlIFOgEQaDLlR7Qafn3zKBK33mNFFKVVrY=","hT8ezBsRAqf49keI2I6uH43rfzLhxRDi2Cy3ZNJqHmc=","dwE6iganTVcoHyj7Q0LxccRnTEXHe+N/yIQj8dfmSgo=","09stJHvl9tyu0ATzKfnyGm0AOrFOrqoBNjYJuWdrA5s=","jO20vNues65PbrxbLDjliutSFqAWXJiUGas9L67nVic=","1kzmSAhFwmgqzsZe5UX1KWD1jQgsZahN+mcRfcUBnkU=","HdjRNF2KzSkhnlfo61zfDqHb8oM1aLpU1ZR3a6YlD8M=","RokbAc5Myse78M4i0t16SJ51WiONGbfX1Daz1BfNhH0=","OtYkxvmpwj1/1WhMGrU0LrrcG+lumanKC2GrQ6efC7Q=","yMxIj18GOyLf61+B2kBKvwMLwAbQbHcG/ftDXPLKVlo=","3dVwKa38BIeKj0nanb/BCgVPwQrx/6Dxp7bJMavDKWA=","FNezRxnHJhoRb5Y5L0nf5NdvuelqtdP8L4s06cio7hM=","I9/bzDKwr8J7It3QrOYsdZVt+k4sCfoBzrVbxKcDCJM=","M8OsIspH7HUqtmOXjNp5/6pcwwnnoFqVafOBOqmwHls=","RcF1QBpyGXq5JKeia75G1p0ZEN6gv6gozBbR2bzU4ao=","JMv/Z4422TwBDhZfmYA67vKuR7BEiO1l9Oi4vWvC3bg=","pZqxiDyGNr2aZlFAIWqLFLsqopnEPUn5Gd4x9e7KK/k=","qYs7m0SSwlCNkwFI76kiXKZEQCJIEItgr8AXa8j8Jms=","MC0frORCrvwBgC85aLuR32/ZQ6/7qiC6LuvkGMIKU50=","x0LEJbMKQxCELyq4jPodUjGW+T/8fS87KIXLYl+u/WE=","fIQxb6x+8rBd/NfID7ezm7jpOG1DVNTfyCbTu0JxUbU=","ctbFtmzyCF/wXFQ5vQZK7ZCVfqDstmkJnVuj5VxDKb4=","mv9fpLZQWU1ROdIYOsDs637AG9iVhFg+UcrHW8CYN50=","tuRjaQE+zP258mEjdsuz+g+cqxBdj0t3ArYEtPxuVT0=","//1OPdv8hyVkba4B6rbqFZF456fL5nN29YfDIoDts5c=","bTDLHBWlL9LFHuX57pFn1uqLurCHabJ96p4wTIBfxC4=","wgK+gFGGFcxoKR+lv5W13o/xFD+kqjh8ii7ahJ3xr1E=","5mKzkW2lw0E2c6ujzEtoehpOS1wCQxkgbIASdazeKKI=","qCYHSTLLXhIdIWFgta+kexqMmF3URcrfuizEDg2n/i4=","7Z98BICGo+DyNO0DoCVL2MT9oO7ievhGCerLoMn9NHE=","yqQ/ERaNezqHifdV6dD/gJPWFyyhsWo3p7h6iNUjKAg=","TsP1C0NxHauIzc67y71F4vwpraJWPIYOGAIylueu3/E=","dZFcGQQ208fCN27t8pMHiukwtBkN1ncopRwkCBKb+E8=","CLoBQUlLFI4SJudIsq5aTWo2lbnqPkkVQI/SfiReVuI=","pne7HVJNQsNOyGxeNwVA9cav3L5NRArTctRIOu9DvKY=","FDfB+9GklSCUteynZkf9RLHzIppbrCa+4cHnlns7W+Y=","ODNXXKcSRj0LyNrXlvpav+drX2g461c8gqAjfyjcxIk=","GCNorFy/J/2gHEZqRziIKglWrrxLbdyl99aUMy93l8Y=","sJ3XWMOhSGiO7rHLJ6B1NNI2ZMLrW8Dq7SZynHbvNes=","hgj4GK1mTRLlxh0Whz/EDLPIrzqIrIjcDpx5ZPshcu0=","P3cz7YEh/0MXZc5UQ5dM7T2mQenIwWFh/IyLZxttcBg=","TCfypk/MXdpvY/BUt0wxINbxo3tgh1GOxvS1uY8NU8A=","wWrtQAs79GLwlLRMhJt36Ns9kzrtCS4ZU9foTnSNnNQ=","6CiQzroxTEsFByr9FEqyuUaXJFvpiUamMgDgZRDgGMI=","9U9zshIHXB7tfQ46RgNXZmmN2sQWsJ8kEpMiapB2JFk=","5ddAWgX9TZCHYkxvhWM2e/USr0WMarejzNHRWcVEBSA=","h0N2/A1zP+bWC7pBo7KXXD2yoGVEqpji2gME8h6bHls=","N+8UL2hVrXrBXIMDJW15OxLZQ5VD33ikJc/WT4NROXc=","o+SSfAh4jRg/WpaWdpSA4Ahuxjk8P/rL3LR6B0Xoqxk=","yD1Yvhgaui9KpBhLmGaibGkN4dX/p/4r/S74/GY0HBg=","z/mBQgfRv4cxvzwQgkZ0I6GyZLDnSX4GwBXghoejHxo=","/ktPg8fG9p17Ef9UeU4r9cJpbIM+UOcPnzHeXxipj04=","eOtaA+g0Zj6AHb57dfBHA9TTCXFL6bnuPkuUDuJA+wg=","0yVkhb/RJk6ydjFNx92qPXGOxq3Uw5HULvMVvkINW18=","UFXtFWoJQWuHW+5M4RFhWgSMVgb/26q+Oj89SkNyPyE=","mt1Iquip906+X90WJ8O/LQ4X35eJZ6OEAX4KirTUgxQ=","vXUhkoHmpVqZeG4e+5mlzkWfbAivf0FTRc4Gyk4HrN8=","deB0xEld66hERSbciXlUl3vwCGrdqUq3fnj+WFKVwBM=","4qiC9vkUPnQ8kS8mFE7EV9tIju41tBz7XiM5ZKJoF9E=","4woIavPOXmaLj0fCNHZkJc2sWO/HcMXPdWFXa1bAMq4=","ixTazzB5AJV8tF/s1dXUcLzbKGotfMNgu93EgwqJTks=","m9T63zTP8aXDIcwaOMdLW4OfHJP7uIvhEdZtPjUG0Uk=","Dn7UySNKdC6L297dTs2lJ8FGxcxn/eEjsnrCO9zYN6I=","2Glgg5AstY43Q4R9/UaGQFmLD0Q+fnAtn5tsCp+c65M=","dPMIGketCThTgrdiWL9gP24696eSWqqk/Ew3sKj0cNc=","F3v2ktzuIA+QdIxCJcwoAHTzgDkKCS9B2oQfzLnjHxg=","nz9xZ0gFlcbru2UGc3785OyGe/3+TlTAvA6Um3CkDDI=","7/Xdw1yr25eA3AXy/W0Cr15ibU3YPYm6ifCA7G2A2aI=","qJYiNjhcrLRtEIcj3fmJH44Ws9BsYRipAe+HRmkuOi0=","jh9DGNed+HP7qO1mYYrQDiWUFki959k7wOivgl+MKPk=","sif4/VVUPDSWRNJEljKaArwGkk3qE3s9zQ2vu9V6n18=","o2fBoDhOWV3ltJA9MvQ3aPen3G+iQKQ/pL9cjc2yx+o=","7zVDQcyY0SSU7zCgt9OOohwVXsZysVrk6t0O3KeAaU4=","Vp9uA1lUL8shQXy3ZG+jcw43+AGfLcfiKanD0hnhvBM=","Nta8BTGYHNe3T7if3PQhx97EkN0DRDg7i6TnvrpsOhg=","MV1Gf3xODHT2WiW/KFOC57g9d478+qzhkL6Ymhonm+Y=","XOKuVLPTeEv1ZUtZOmzlXTWUdIhfM7sAtG31ShKUhdM=","KCRq5MXZutxf1bOTt2nCfpVZzWVkH8UYd5ufb2WBko4=","HtCkYgZaGCHWfoXMo5G+MEOu3lR/4iy0oS/GrZVlpEU=","2Lac6kKmKMPtS/9dbzdaGvVSpUfVTBJcVtOH0zncZpk=","TdECcSkdz1M+EBd6brgHwY5W4O0cOIcuNGM52sJLXjw=","IrptVpocCOPlLdMgC5g9+QASRJZP/vr4ffc3Uw0VNGk=","+HR5uuHqUiUNFhRWHzfrVps0z7wyrBup22e9RbxLQjQ=","mVz3APOCUX/6iplvPR7TjUYSbF9g5BV4eCqgmpDBjaI=","mqKWYc0vs1NSGMc7rVImWH3hDKAgxLMQ3eQCwhGvvxA=","KuqUJ0JtEuyuo+ehI12lXLs7tuelrUUx7oWbXz7ZfKs=","PLyoHvsr4qsSpaIFTswaK/0tgaHUG4Mva9n6bidzGKU=","5nnjSkoD2KVu1WKy+h+IvHeWflPb3JJbeQK6ZyIdCPk=","7S2U0jdID+E2jcE9KqEaIMTT6r+Ndy+8mTTxtCn4jQE=","WMWnXKTiPIaeZZAM6/57EpfDhjJMTUT4wIbM6DSZk8M=","EXl+2CRfEgJL80byMIDpxl9QurivsfDqKr4ImIFVL2A=","HwDAhcktp6qkxAdGGtqQc2BoHfolK4yFLWie8zH1gXM=","uQSEZWQEkHDDcZbrtRCa0K/FmXIanSFl01h0DBQ/c54=","RM2K+M2ezWz/kyZPLTvM/ADdhzmFhtQQ60HIqYpqx4M=","Jigf+ofz3dWaPf9gJX8wUn7gBfevoYJ0erx2kEwbTl8=","0C/HrkPAtXVtvlMUVbbqOA7b7pnmRADImz26EdVGyVY=","I6SSgHpO2GNSRPSZtXigWtMKbSu4gUJmkr+suSxuWZw=","HE1A62UpU+UkmauroH2OmQqgim3gcl57USXE/+Q0uz4=","u8qxQRlW+MPF3VcBSjsiQAnfsUUmOwjnS+eyTMvOSD8=","1bOtkV/cSWLQggY/ghvCqniH4Kmqr3lgihvmzzmU5F8=","WgXI05HKMiiCBTAFC8faeLORrn6ZNC+6NT483GmdH7E=","HfPR7wzk4Hvqidp+v1FtR0z8oBhu6czfh/kqBtKgWBU=","/+JR2FQyow/lSpQ4nvpGaAQHhbpyW8+dSCLj+8mNCDM=","iyEzuoCDqhNoII6y5PKNYbh8mAgo6o5ihvxad22fMRQ=","Z/E+CHKqnD5/ePfrNW+V76OANRXSzcSgR/ZtyBIunnQ=","gqJT/GsBSCDWSNGXZT5f5xELBF0ZqbcG/qjTseIUFMw=","pvoEOfGg0mZQFz1nylXl3irY6htnom1iYB0vEq/yI9M=","6Nn/mqvEGRiWTwipv+Se2YYhpzJfGcoNUbYAlnl386s=","5XJ/EcLeBn4d5kW3alzoRag5drbyvtkXwtgKgzCsswY=","2Idurds1jLqkK+6KpFKTVvT5s70Cs3djSp6bUYM0EpY=","FOQ5pPL9vqBn/VpP+ymzRvR+gb7pzA4AeDtak+TxcUs=","cx62LHeSGect6KiOvzwXxJlDWPwt/3exVflwN/IhICo=","Qz/3E9ggFQBU7zrpnVV4GJV837XXT4Dgu+EmWVWYsYw=","xHaktb9GXFV/ntU/8Uvwcb0IJp1owJtAWjoH5XPX02g=","n3UviPxecooTI48nVc5Y8Az2RVfEZnb5ZthpbJDqFFU=","B5Jf9EkEZjzhikBhT8bhodH3s5bcrHHu+6KazUUUMxQ=","3YgdoUqJCPNL559uvjkmlbOfOMGlur+3F60PDoCenyU=","njNaSR25uWhzk5l3FGPg2koc5OuKZKTqD1EDO1RdjnI=","PMq6GZpZGZbZORvKZKKm9G5Drb8IkArqSHE1OOCJcwQ=","66jyX6CyCMVG76EAz2+dAc3cps4qoMBl5qxwT78cYP4=","b9i6n5UvcBS4Pw5i+w5dx4+CWngTln/PkAJjwCIUbQY=","exIdAE+yJ9FolMZ1FEzKzVHlaGZu54b3UmSWpEA4YlA=","t++4luDFh9dCy/S7fUkA+iNDDwKvMv5xLTnEAYi1Snk=","+HzEx8KDi6WVkDQFxMx74TDw+LLS3lXmgV9q6CvfFJY=","TLntw6C7QFocNiXXRLIkxpAsmi/RxpJDf5epN4mmsKc=","XS1CS5uiHrOl/E/G+5QUMC0tQeWKW6I0mTzlZYrxKJY=","JgWyeeFZgTpptuOaKU+u+TGvtsOygCivAWaIMDHjHCY=","0gDpKtcCKzV0Ep8H8D3IbkjhlrQiqdFYH+pCpObr0Uw=","nu+O7WNjkY/qrxfILePv+m2w/yDpYBfcEekhyrnM0Sw=","9AByNyjqNEid+tvLCAUurIHMBtiWOdwKFHJOE7JAaxs=","c4WDUYyDUiNQJpvQ+jToDyPBs0uGL+j1xS4p1xIqTw4=","8BH6fF7RL5dTLgc07n8ekp1Y1/dMDrGiDgNvhcSk0xA=","o4E/j0SnTG5wqgFQmZKiHSI4F3vyHkR/tj2J2tPSMCY=","WpM/bJ7CEBvHEbVR1edlMI9T5knv2BKl3IrUoaCGuFA=","TRTlN5vCgqZelCMQAqF9Q66n6tUgsB5qAGXz1G1FtFs=","8icTSlpsri3oyRydYUYYQFiGiDJJPMfKKzTLIMvRmT8=","BbPFGdAHBvnTBe2UsOAch7YG9IVKRqrSmaezKDc5cuo=","+vqRRN+7voCzJmpFhYLfun2g/QoQquC5yoMCY3AfudI=","KfHzSqPAAYyacRxbG59gLkFvrtyhu4yiD6DBkz0GclU=","RdXE0kkXPkOG/jzVMAp85KZd3SzdSM2VOTc96TsjSU8=","LW+YFq/LpXF9C0tWPM5JYgLU2UDq9anrtjdpq1LrPU8=","i/Omi0ew1tLANgCRrzzS+2xaQENXRcTOBuc87+RUgJE=","PNTP6Bj7oYUVaTZQPDJ0oV6z/+Rt4kYMRcL8I+BTFVY=","UTAhb+ZTl3e/c3Np1F6SvU3lZzJ84Kxw/He6SD2ztL0=","e8ZN5x/h3pf8Lpv4+ZJVE3bGS2kM9KKc+2Q0J1dKoNY=","Q74EQifcXtTScmaMlPvK9WerLXc5hSLbRMJBg7wt6SQ=","uA9oZFkgeRQfSaGsSos7ye/6UJU5Uo078WW4UwUC8fk=","Fo8BQeiT/0xZxFFn1pXio/HMFKDSAPatJPyCbWC8MYU=","V3EX2Cr7fHBfBvYJWA1g5WX8j68PQvrOJYeg2kjZEuw=","KU7vB5/rmPq4IWnH3Dp4M7m+Cv+1X7H34tY/LVCzpRM=","9Mdf05FV6WeyFqI6fGECZ+ae/ZhXnYytNLCQB/h4g2o=","tb5tMnd+AtUx3e2I4Lk+mdKzsT4rG9DNSLr9KO/l/gg=","xaFFznOk+U36PyVGlveWqK5Yge6jAj7ij/T1seHQFn8=","fvEBzRp/+KjxX7wZaylqvStNK4DogvSFH998sv38arw=","nDYv+lGihNrmKEVQ4nE4WW/zIUH4Bn/Z6ePIWMar6eE=","PoIyjyg7zDRwxx6Hj3DIISgA72Mr8TN3bn5riOqhTm4=","neT7Phg/G+E1xm9pa6FT305cFcaK0MzzCu6VTv6nVJA=","OxOjveUeeCw5MaooVsV/P6aPA2zQ5SJOl9w4+0ystSQ=","vVAMOik9E83C1wkZ9OKX+1ua8hmkM/Ifo5DZvGZLqQw=","/A7aWhQyXSuY3yvrdaxK/DI7vF7MgXC9WJNY9kul0KQ=","8osNfea99mvI9VPIpcbD964jhBKmlCt/7rFkn33N5Eg=","P3XkDtEf5LkeGSIpTIIWwh5yLXA1ucnPRb2IjTbq6m8=","R4B0c/jS8YWgm0Hk9/pFw1wAAyLu5qJanvUCqFB88aU=","KeSCRCEsZ6kZ9y8DL+ZmmbNRt7JV1RRUnGSbUClyuwo=","wP6PCPyja9G+Z9P1TGyPJD+mmw/cC8se92Vdg01JepY=","eiSfS50Oh98HCVfwbKliSgosgiSfORyH8YWZG/8UWeE=","J4g30LD5VtkJQ29vMul3yfZkF6j6rWjwmGmoGtWTWxg=","fIbIMM8HgpIX2XVccqWUwtjprpY0wINPPUZdw12IsPM=","CO+K0tpH+8s0OM8QFW5l3dbhupeA0JQdbPLapcDjsa8=","+IZIt1DKPOxaws61QRIXpmsD/fdi/QVJB0sY4TewRCc=","lEt8fWO9B8TDYWa41MSXL51WEo0p8LUZc8yntH2Lz3g=","YjgT25crZxDDxoB0VDpzJf6PF5edSq7lWizJ3Z6a30c=","2pe1PMilG0ugKFJXwbNE2yVmJR/kcFoPLjSoXQG0Fe0=","5yz0+o1ljxAn4YyT83Bz3nB3in2M5ljHm+JYEPdUK+Q=","VZBy+0teC2Qd4ALvIv+NVP/98TIxDYNgMWxuJR2Qdek=","ygBIeTY6zrz35lDD0W0bcSX2TLo22gKaVGIIREwMIqo=","VVw94iPIRf8tr/N5n79lFZXe+XHP+CoCtvJYNlntq7k=","iiVNz7cEzmTLjigcTmCKQmJXbqGK5ZYcAgYBJAdoXps=","JJaYZL++VPtqdDcaO6eRdnYOtEhDBvFM6Ec5PnP0skE=","IgNyJHwX97ZhiZ3elGV5gb4GdRQwja8D5vTolhceMNY=","6RbiAp80SKXiCzDJgCp9b+HQ07DK6yRhJCozSyfhASg=","o2xi/RPPg9MmAI3WXq9FOy3qDPFPXzxwY4lcCsNgaKk=","HrAPzBsy/oP28mTKOG1ZepheIe7orSJDG3YyFExulms=","MhUEOAYX57YqorqEqdvahM4r/0L6JqBfigVT9TYV7Xw=","nButD5DKaoTuOCUtZM2KnfyUlQZioXxYIW3wu5Nn14Y=","0B3McS91wFjezNiFVOw9TnX9jVI1JsKcbCHFS6Q9fQc=","vosdsciKZ1KwlSAFWO6KCZOaBaQBnTHOk64EZaVIRac=","Vg8EEvvSPe8MZIPD7gAGHYQ2C1Z0bP4EZdsfFSxmvRM=","w/rh0guYBSRQG41t4xOygCw6LgoN2JJZmy4/SJPsdIw=","Cro/7wVS2s96OdKzHAM/UklYsmkcYfwcLRvh+mvloCA=","4ysDHGCBUS3YcHSbfrrFLcZMTLqyHN//BVwocRBQpt8=","aNTXczy4YeL2MID/Tr02BwxYngTwvfBkUGb7LzRrAiQ=","V+Uqby1/tWg8E/4Qmt9dZIkcLmJzD/WxZixrmmmXD7g=","kQiWgPS3ZlpXd2Wb366nbo3/qC1Oud2081dYR4KHM6g=","nVwXwQI0zwDMWDHBZ+Q5uZTQ+IRbaR9Cpo+Z4oto3Xo=","tQ3pqsVS7f85/kIc7kq08DfdBd5HnedmbvwZHfv1kRg=","hFGBpRcxfDRnZ+bkq8xNtqX9lAm2c2VVBRGjaG8f6Ek=","eHDm2NIKimA/rQE1KQ8p3Y0h/PrZnPDSeL3w+efTJy0=","HnMclo3F8Kx9nY1osriXhFVZkoq9x74Jo0kCsDDoGZ8=","e0gFZF2SfoUQVfciVPISsu4wuM82UmyMpCq/Zt+djJw=","21jF3YUClhoVjO92X5IXn28XtTETUljSC46+w/lNEPw=","P5OGcJ6erL4APFeElM0qGSGPiEVESyQLxesht6mQS4I=","PAngV6p/nTFqdxTFij2/CanfpTMvoGwMZ5LjC7UuxFY=","MGgWsLnsGWYbPqjmByS131NL/sqf1w9nBu3APPID3Ro=","drDMb1mLVYRGEXQZHIwwD/n1cSlzW3yh3WvfDARQszg=","sFC/gjI82gxKgLvPZFPq0AxNHxw2S6R3pSyZ2kg0Nbs=","R0h/xG/1khwOGb0/L4TlX6bYo6rgwZUbXM9KIDQGMd8=","SFF4vB/DCnTJ5rcXxWLA+CGMBeXVEGDb2GGcxJr5Has=","kOaKr4XSIqAr+GrclyMv9zLHBKO+YkCgaazea0MtS+E=","Yt34dxnLeZWurNibtAoBWb5MmRw1beuPJDYp8q/p2CM=","xmZCGSqLy3Wc7N1g6zw2O5MoiGB8a1o3JmopJ6s8Dl4=","+IiKr+oYqpQAeJ+XlUr4G4UqBvBqnls9/bLUMWaBpQQ=","RSX/JOLejOTkeXHlwanF+OCx98TJoswpQjxpL7a+9S8=","x5DC1bRTfqVT6fqOoAGiGz/eUhEDXbdqX7qPC19gIb4=","8pI+zZzxgoDhl7HHY2kpODRSiRe/VQB+ToYIyAHLckk=","1lhy/biEnhdjoizbHT+mlrO+6VZ9HchTo5W2XdQn9yw=","Fwbdfg9DtNbCNI0S8FDmU6HTa68P7+8vwBxrY6mPqeQ=","385aoCzAghbsb8dyc+hQL0kgyE3cgs9Rbi6SZK9/GFc=","9odi50/iw8OafLMsTS9TMjr+lkiY2ZIF7pmDW2XBVRg=","ihxom3JK+P0DQeEZYhVwK/wKX3oxlnf/AXodSd8hpaE=","gppwFaSBQSyFVM89z7zmbWrxfFAaJ8yi11GdNQge+Zg=","kIMwjTe4jBKZeBDNsgHrWaQ22JYtPl6NxXRXLWhXXBg=","448sGlw6FxExJMVc4a0Ps9vPgb2ym9YGeAfJIrS60G4=","SDB4+RM3k9F18ZJ94krquOB7IirYS6K3gwDhwkJZUss=","jukO1fn+U6mIfjDwx2OiVU8nCuxUk+5voomnJbts+TE=","kyQsYlsV3rvlQm6DA5DZlBLWJc6PP2nXTL6NOfoG+F0=","knKLH6h4g0foAYa+AmP4BXw5Zk/oYoYvaLOBVvAdmq0=","ZR4WS1c/uD+KzN/Ja8KRkOPKknNxpWaeHBEO75NfCC8=","pUKH8KRZlJAuTLAjDPQTL3UkYb6a/UAbaHRvnAcMdq4=","kJC/B25drzVhsw/o0TalfsejbB/NKMvkinzeEPIanGc=","rrgeQoCvHv2tOJuHuRnD44sZz9OAObO6DhneL3YBiMI=","hixCHjwNLnEOJUvfzcWDRkfrdy9ywxXzqOYz2sdXfeU=","9njjInm8UGpQE6HymlGCgy9qjuePZJe0djZmjej+5H0=","bIDNeCILfXHEY/hZ0ju0i+4PUcHKTIOT1BjorlnCzwg=","PoFWQiY6TMeR2+ILymoABHEqw3TTYBRmB9WdHZUkfvg=","DGXd97Q3bqQY+tuz+Ew2b02qC2oFVpDUvLAcSCm5jxM=","aMUrIm3nRcZtXUcmWi0T/hjPBgLVo+6jpOiaJMjSf7A=","X41p90p6e2RuVUf0g/h1NObzb9YLFyhYNoJ40sZmWvc=","rZ4fnNwuchvojvq0uNeTZylyCaxX/rX9e0C6fep/4GM=","O9ZuCUAUoP9dNk6AhY7cMBfN70kgjG6+bcM6tocssuI=","c/vqbiG17XGlUVPmv+5avHrbqJmomUyAP50wQO5l6dY=","4Ij3Kueaz/iZFyNdzzT0n45foUEtAYJ3pClEu5eit0g=","hjj9skE3qNXy0RTO7TnKp9uU7ZLneWrKkfjHE2THcNE=","UTeKzOM3qVz/096FdnNHkEPLaejj32MKIzMIUQ0nCk4=","cpJoqF7VqCyJuHxny+HQV5ICBftT6BtAMKrq9B8RUio=","7tI8DxROLYe/u9vgymQRiAf4ArW3olWMKmE13DxFjOA=","hpcH4O0s6MXt2HZyimbo3+4lIFAQVUnBSIRnOESjlNY=","NytFHrda1DDQ84A0Dw54TfZr/GVb3SYY33vd2eD0ekI=","urXHDD9a4TsBmyxxJ3vFe75vV+VZuWEzS98LaiVn2Gw=","ooTqUg7a0x1AGDXOgYx6Pl09aLvY0iGNKJUjREvHaCE=","nf+rJH5i7ylpEe0buUFeTI90qxNZawSVHMOaUgJbpHA=","poHe2TsqdrsMAG34LFYItufMv16ikQD/3Ykbn2Edt5s=","/wH/5tb0ecpHVRddAhFqoDav5ao2ziOqxPNpowQbkkA=","zhjw2RfixCoW+1DO7U56ZWCnFDMdE/ePlKP6mLK+3aw=","xmHXEVtR3yuegiTktIrUfXg2paXsOOt9Vgzxx0hpdq4=","mUMngc8+246Gy6im+HRtOQiF6CiSvIcu9p1n5sY9p5E=","eD7dNQj290QC+4HxhU4zCGjmr6SwKU5p3m+XH2fX5bo=","rk7Kqfk0foZ+QMwXIKuML75pxPO/WFZhdJdmsfeCZUs=","1ZCz1V0duxqcU36fNJLg0WmLgna1cQYWfWVm7N0EITA=","I+2Mtr6Z81Vco2S+4VOBEZOkzIprp7J56HHIh51R4ks=","tNVFlR9SorsYljiK66Xo+RR0jbGd1D3XXCFACzQPmsE=","fGOczwPvLYDHLN1Q4B/7P2yUYTffMedrOzQsPbfxtJQ=","/ZOI7y35c/6QfgHjSRg8i9SOf286LJf5mO0lLr46hAg=","Rd/Xg3VBlXkC/7o0yb/DK6xtNuUAvelJvPXt4LWmn4o=","jT+oCa+vVb0PpE86LoUeT7NKPmk/TfUHBVCaFO2JnX0=","/4ja4o1NzwWi01tE0YFkV+krbkm3Wv+Hr047jjEVCm8=","BynyT7N6htB/Ocu2JtcTlyDoh3wq9C8pVHWjjrdNwI0=","DGLLtHz6tPUKeWChA0GTm+nHeXAWAexoNV/SFP4g/hI=","ckIkQorJNIHxitv30Ko8giOcT3TAjrVj1kZxqoFsaRA=","42xL3/sYNNZwJ2h9p+rJTuNmb4tJNNIUbWOBfb1IXQk=","GjRC4jbCAf6kMGxcwENShfdu05op/kt2nnxi1NWn3is=","9rNtbNovgLWoJwHT5VJHyfd5Nn85sGMJ/0eSFcna+qU=","/qiqKApeo/HHseKPrHvyZXhIens9Dpnsre4vi/ubQmc=","ebJItfqkRzlIXn4Dyk8rq3CJGL3JLaN6xotoQlWTpnA=","jmPlkGlUUZjTDaLIW8E76trURPUJ6qMU6/2clREFd9w=","e8oK67uoFv7vivwUAcNHv2te0dKpyEObNFdJ6WwzZe0=","mwwuVYLqsKEwLLfz+BSwqHeyHmd4UnHL6uDhAEhX2Mg=","PcS2w7banI1l+aJaxvmpzpKDsCizi5tQASxbGCxuzgU=","d+GAJlwIponw9iLIU6z/79GHhv/ehz7k/dtssDRu2K0=","GPY72mwnPb3lfRlNl5POQo+tHHBFMypfowwb/CQbnBQ=","yZhA1Y1tbiWY+2RU4FGik0gUXiJPPh7PiPV60sx4kK8=","x5BdnKjJ6ymICyvoTIewQQLZcRWAd8Bz08FZIl7zPX8=","h2TO0qAWlWDLNaajce+f3axdB9tIbmevsvRVkw1COyg=","OOLVPdTgWQsuMCk6tqxgCJ5FDr6sszmOjyGE2dH/ZTI=","mMgoui/Sdu0BUU1OpRmNDkt+Ae9vwcUvFcMoRLpv+fs=","0MU5X1vsmwz5WJ0I90AD2P0NxGWOWc760zqJ8CfVcLI=","R/Hq4+8yWelZyn0c2hdlz2mW5heIsYqBIkWWfJEXjH0=","JB2osm9yNRLigtBZx9fjrsys9FaxybXV2HugMkE+tRk=","5n7MykHJJP7z/5dbEysNIp0NFHlQQyHyzDRwdTCdfXI=","RTHgqTmjtD9lcGIRCXJepC+ynlVUIrwui9pxdWczfhI=","GrR6Kept7GSBwmwm9y0z1JEB1WXZqw1hi1ibf6+wkSg=","sRaNizlt4VmkNgGzI7SfaFtOpYdbwAvia32hbhhw1EM=","JXT2n1900I+oswAEvnqAvemiuR/EzMdYqMP/HoiGpvU=","IWdXJ5W28lNCoNOmnKgTjePgSvvme9Q2i6MPBey062M=","wK7b9TdVL2/h2Bl4p11Rh0DiYCpxbqEV5dYmBzQOuvs=","HO512fnf59cXAOxkshkLQZHogj5SuFcGqVc8CvQLD+c=","26mPzJE9nFgfxOD0ZioBvsNwmDgJilgrkNYLEWEQ7xg=","PLgvRLBfNcm5SdhEkfpF0l0YIUovucxbOWvuxMiZKnY=","AA1xRrzR/mPJNOpIRzwhZv/TDn45WzbR/6h4ZAi5u+4=","7LKUDVc/kHIdEsQneUN1Av64zhkaxNR0V3SZMoJ+d1E=","Qp3FoGkyIsbR+iGSHCsxtw4+nT+nwrtbUEdnbYKoM6k=","TSDI8YyDDqzCjusHFO8C09TNuIvifi6dz24RU3HCAQw=","5c9BxpuH4C/MZt352m2BFJpcFHEjKoFQbSP262+mDS8=","YRvVrjgcg8JdFWaP1jX4af32VngWAREw0wKoKb2of5E=","82fnPYzZE3NVhIqgbJagRsflZeZ1zU+DrkE4F6Fhk48=","F2aSy1ul4j7zobI7iBmhxQhOilXCdK2fn/0hWO/ChlM=","o1d/1+VmIgBgW4hvA3YLZXdWWRF8DCch9FZFdeh586w=","Sba84GQ3txJE/N+I+l6wRuuF5SDjHLb6Hz9dKuD0Fb0=","LarYet/RE5YaxJbcUtQDECWGqPYxGczMmDmNFtULJsE=","t+KgwgIE3bXAwcr97EVt7MgKjNkFGpiE9MtHHQBEhMQ=","h2xmKIict+XicPbsm+7CgnVItvCjVwcYGPc4XrPwIE8=","4THJgV0VgvFI9LEdpIy6ujss4HItZZuIOR6tH9mRcVs=","PIOM1lG3T9CkcGE38xFPkRzt59M0kF5zQbrMu0CWuXU=","M9L3FDT9OsXLPROnvjXUG/mnQT02K5g+aJ4vBAjm5oA=","v7Lp7IWzgxv17JIDfEJgkPA69JVKcJ58nVJ9m1nOBKw=","v9YYILJ7/0z7ixrLjz8SI6hyYPDErDFjqAbpg1og85Y=","u/eosjV2pjdQInj6JV2/uZ7o1rc/z0MeQbBPBWl6LnU=","Sj2lnbsHvUkDDLj1G+T82aIA+grhXBp8iS37a5/RtCY=","HRk3QORksCuJktG9WBIVfAji22oO0IIIOQWCjmydICo=","rlcFWf4Pd7v6tFXcR+YdR+PaaXSTifsIympRa75/81I=","Jo6LKeKS+zdqLOmufwKosjeQ3XKycX9y1YJ7JlninGE=","f2pn65ktwuYmym+4o2ETndxhP5eKtmw8Vf/tmSUMA6g=","YrBFFRTbZyGd6P67Xpc667nUQTcJm2VZEXWPIvkXJJE=","XQ9aH8vB2x8woSOReTCAj4yu26koD5zc9GCpL90zfzA=","4PFVEq7X69WTgO90j+5YmrRtCesfXtxIkhNaLiLwAws=","+hOLlQf/N09oRIGyBFYllrOJYwgolxC7E+JB+mJDUGo=","zp4eo9KJ6v88DpYq7UWA0VwXuSnlA3REge2n+YPqkjc=","AUOQRORl/e3mdFgQLMpY5K4dY0Us5KRczCnV7kUfPQQ=","ZjVcrzMkFf3v0L3UfbSSFADhnutZFybFMohFK1FSLIA=","sdCtoezDnar+b+UbPOt9G+iLEDA/VfQlQfFEYMf0xvU=","zMhQ0joHh2PGPc/Vq6DeSY8FMivKxucdHr3ONwZfT/M=","k2COOFNSjncE96B+R+fxF/Rf4UCrbGakTaE4iNxFLFM=","66N5S1mgeT5L7djADvSJjEzSM4pY1T16yYG7TNrrjE0=","z8tlo/NBSObK9j+ccTvQFFPGh/RckjJig3/muNGeKcU=","ZF39c1h5UEkqHBBVfcC6IZGljIPmtLvCV9S2saDSwCo=","COGxQoOxsy+uF7l8fFbRwCCMkVe03uPG+QDRRtv+oJ0=","PDiYWZiauzTBBaMcXgvyBhe9BiMiRfNXFfZ3zE1MVKM=","C8fiktgfripOc4daVsyg5/3eHswh/38A+Ry/MuuNbV0=","8eoo4uroNP19an2waLHyND4BFRNV+t4zXKOMzG3txLk=","U36HdhhGF5jAAEW8wHq1WNA5/FBGy/vQ5ow6+r7dA8Y=","2cs3d2frx4Qf7+pY8WhUIA2Q6JVEWT+lVYBP/lwoQYw=","6QDlmQl0JZIxalkdr5mvbTYjZa6pu8f0GYflggf46FE=","wt7UEUYM/cxnXeBsMOH8bp6u2fR9aPGgbujgLrwwdTw=","cec6erglg4K5CuGel2A+MlCadI7LYfEikbxGIDDlI3Y=","1FtfLAGufLk/v6eBIRL5ro0ugwnoeT6f4Ip5t/IG/Pw=","ANZTGplR6KtJZqIh6uwmC5fgXHKLBxstwdyn0DVeLZY=","qGspZhLq0ljnHlCXOna3nGl9fzBoQiDIud57p+6sBaY=","SkS8ySkGeeJZ3xkoj6gZ44FIwfjfr/nXMTtW0m1Ofe0=","XrOc9FqY45LU1tJ5DMkNA4Y2L/3dvJRMBQzw+wvb63Q=","kcDuQLpv3wcIkY6UW3QVkCwaEoTdNUalP5HABNwNaz8=","9PToFUoQhGQjO6PFc2OTks2r9CL/tj8Qzdd6wpwjdAs=","9y0A5zyYrWazKWB/vK3jeTh7YLMnMB+8Zd5uHjJzLX8=","vGy8+NeM2I2/qdNBbnVS2Y2bcWNx145uTl3dkpMkzfg=","CEofyE1mnCJSnpFnvwG+pomeORcMTwLdqP3rrdCKRwk=","pespslH/4r1sh8yk42AN/SqiNfSiCff6TKlS0MODoNk=","88PMlmjwmSx5NgUjUp+a1FxK0f5Ab+wznEeIkLzx4Rw=","y33j9nUo0SjmhTac/0nJcSgzPebVKhJsMFj/s31oE8M=","3mQM3HYbpaKkQbKDNm5859zJc0xQX1mTt5wtPdzJE3M=","uzU1jyca/jNTnHBhQMnd7jj4QDNU0q7R4l3r7ZbDuzM=","bqsKI/WPfHyjKr7egFmYBs6+YjL+/w1bmP7mGYKSzrs=","Ac9XaYRn+JFabXLZvWuWu+GAkzW92xq0Yq4NrS9zBaw=","Fqro+aRKmm/iLc46PgcJTGiCpEqkaUFM+rKru4xhQmQ=","p6I228jCOruAuqTGMn+Qhq5eo3QUOc27yeRVHYOzeh0=","FPLnNKAZa/br59jShc2qSCcPyjdleRh6H185u07+oI0=","slYgZNaB8a7NGjAJaKQDNJjT73yKm3+SHthHXN41Vkk=","dBPPhI4Dh0/wa/NaFRuMGFhJXH3vAYIkd6aXtdqkPOc=","eso0ODIOWNpHhlQTuBo+7o5x4gM2Aez/J+NYfiUL0w0=","M5IAvEU+BK9UXn0M9cTiGASHYcLR0VI3nWBGB7l3ESU=","9NL+OVK78mOJBOMsiFCR07yTSKa2KUYudwPstdTo20s=","H5WEj/myThtzAStdqY5ttALpFplDcjsfuDCWgSCdfRk=","mvKEGyD7dUbfpvbd9DE+KlHHcAhBi18os8Vc1Dajloo=","x7XhdJMO8d+Ai8DVvd7oyYy7KSLFFe4awqXUggfIsEQ=","pcU/dA5dj7QrOwq7s1AK72RbWtBuCNOQJExpVs5f7xU=","u4DdLGp/jAjSYh9kDqWFJ8UWnUoUsvowt+7OfFEdYn8=","x7lZydo1kdZVIKfu3xyB8g+7g9T6Pp5iRc/8f59xwjg=","j48eCCV6zZAFcc4WNt/CW/5IhSerZHNIERoaIQfU6tI=","MDM0hVeuL6lTFZ/Kh95hERUJn/5CknKtOBnS0bnul00=","+s0Ja234r8qAlUktlKMePfnnxBnK44yS0DjrHc3ZE7U=","7CV4rVXrCMt6slJUP5JgN8h88xqyB4tkpnhVBSNbUeU=","40dIe5GmrFfLTfvyQ7oyMp/UYLNMcMNhwOgyVatpqCo=","TuEKPdLiYUsWBvNOFDcaPCXy27u4Tm0WKKprW/zbq0I=","haZG8+/vHxuezRrBsjw6YHbQJJkWdNH1rC9yPhcFCgQ=","j5MFoyzu/vYCeG/IwjSnoUhi3n8fE2GM0aku4A4LSUw=","IZAUuc09iOb5/ZeoaObmZVktM8bDdOCnY22jKwfzYyU=","E3qpR7ZH0H3ojipyvJAenf3XwxFJ7pX8dlRYBybXsL4=","aP9q0BTNoNnLbqX0s8ou/IsoAPqvFcn4/H8KB74into=","ybuYlbbWmbuiv/9yw9MNT3FqjCbBwLph0FsR+OKGHWE=","bhZnG0SbsjKH+Qy9R6TdmldxaY1mlof7PGCLE/33TsE=","FFKs49rkrz/Ke8A+yGotpsPDSU5JErUM41hggvBNEl4=","PSs6ETeL0DApR0IWuriWWm47ZzL52Cn0ztvUSwvETWA=","uKSCSJai8fSS/vt63YqHU1z214fm/CZo6YT4Ak3RI7g=","CuKWwrevdbX+unoPvlzcIXcBURYAQ5cemkLpZUDsm+g=","gPP2phTzIhCsFd0/Ndirqv5RpYAzgzBbX+hUazd4Fn4=","GU+adkKMDsXwq17cot8LakwTutbz5/KhoePuZAsH5Ds=","7WQiuT7gCz/U1yay1/uJIbc/Vp4hwY1t1NE2KGk5muw=","69M92d1U1Qs9b11nrWDhjpU9U4eldY5ZX7OdXkC9WGM=","NkWRQMILcARJgCswMwXKEzJKif72G6gWRO1KS7x9uzQ=","OtKldGOtR9UNEeaa1waHrh5Zcsn6F3IXNvHX1psi9eY=","3XCu8eKGHAkTg6fjtx4+flFo5hVFswAa4UGmPFAQ5jU=","dSLSZsVdwO9OJXLSM1JyxOY3lNZVUopY2AfHBpIPRuU=","7gUkbQxmC7i2Z4Fs4Fv7iPS7p7hEnfeUeeJKPlSiccc=","RPhrGix29sQij/OtaECsNvn6Z0Gy88GuYSchiAp8Yyw=","1DZglbbjYyQW/ckgLdtPQaQUMfwOrgjgzFZkzF5/kv4=","wj0iYGti+5NTfPQKUVqftTOA07G0D33ZTY23FlgYyKI=","61I2aVK4q6Jp+kkd7RRRMAROK9H2sulxkOJc9xRw0no=","bU5wzX7j86sBwHADdwFbxoAUVliLQqFUyTax5hvr7oo=","m3gO6uG2M6IHHeUymgGPBhEykpsUSgv11K7R5epZNsE=","CYeT8PL5WW62DlAxdQ9d8H+J1e+cKqBIbmd6xoe0SU8=","BIo/ZL6P493TCY5pL8V8aT0Pl8ACVpnkcMEEoQkc3Oo=","4OhVXdIihvC6L45OlWd2MiNj4UKUIiqvy/n7JKAMw2M=","wRSLLdEtLQ9kowfCKbctcspG95k7x7A6/fks7Vd3FMQ=","lRofv2lwk2LGbOakXNlnrMtDRabAfnhxhkTt+F+z5Tk=","sk0qJvENQjfShl4fEAVHjAZf05kau76QG9FjwQ5jNDU=","9+N8sFFLyo+zFt+1ne1kd7KK3U5jtWhKsGKVoZYPt6w=","SggpLifnJWgRjVHqKqT21c3Jva4ExIlyvoDulo7CLvE=","1RcVJ8f56MMY6cAMaVvEKttOQ0KX+wLABmGc3cZQkSw=","nAFzfbbSiV4HRFoD3QLZ71CfPDVGVDs0uz5i2PyZTSw=","iGazST6grAfCn3/amSBSEOInfX7EJEm2hq/6vOtZSxk=","hRlzcCosYgXC3gxt/j6Wc/XYKJGUX6RbSMudYDl2loo=","qxds3WnexbrMxac6kOcvL8CexLHeGkvAHbrMj/Fz92c=","tzp9jKjfiw53hJFqtGVh6eMwTJ6OLsaH9J3B2AB/pBw=","F6UYARGiN17BeDCXpOFZV4ShxrvqsC/JCUhc8WLZKFE=","NLFCG/teQRPlWJy7iwRfvgN0KV2uH/ZBRSxL1kbp1Bs=","DmKML4SwikWMxmvuGsVJPLLdPC+D89ZIuH/MgxubtL4=","LyHu1CGep8A5iCInf5GUrXayCmwcM8sJpVR9aWwOuuk=","TcaEAEHRx1lpF4t62bCOWFmG2w2zgAKjFIJJsDejH24=","eV5eRNnPTbqfTpocEWJvp8b8eqiAzDxQS5yWWunj9Ww=","SF/yEqneAVVTB9KW2zjR9R4xks3QgrkH5zOC04EUtC8=","v7xr9872W4eDqu0rrOsDVzveNu/iP03EvRhICBm5ozI=","4yMrEVOpBxz2gVnda93KT4kpaMA6RdKWQTzwxjfgN1c=","llZNtY8niv4j5F0Cg8S+awntk7/6gzIWLnSMy5PatD8=","YPbyFQ5mxCydfCZpoZbb0wBJPxA8e3ws9Ff0LIX3i+0=","fCqW1P5LR98EQrQ8XIA9X3dXvpou7382cG5ZwoxxlmU=","g4fRxEOA6O9FKIKSFygIBOmDTZXba14pa8asfr3LBVg=","d9Sq2XLY+vU2IYYdoypgJCjQ+vfRzjIQ6CHxKdZWpTg=","l9roQOGc5YjViN3+aJiNxJDcCiSI+1eFaqtjbhVgjgk=","KZGrzA44CZ11HbeyxXsu4CoVvVzrtV79ia3JOf67SaE=","Ijt/gQ502Iz4pIBXdnghqrV7Iwq6F6FnJUuhrMdOpWc=","/gJdLo/3C/tKJa0KtiORuixMfGvGmZryylzyf3JnH/s=","wZGh/VsX4Tgq81XR6ZrTTjoyffdhkF2FBh7nJ1wnyf4=","4N3G0aFL3Gha7HdAty8E0qgE/ZOoBDSzmykzB66Tyko=","X5RuagxaGfTFXwn3mPumr4acghJRS69mWoElBkDWXHU=","tFP4yKUvKpPLh5veL9CDoQvw8icFY6lQztSKSvffxhU=","XrZpU21RrLcsmZvrbqcH/a64kdNugDNaO4JxOT8Wk7w=","MvZuQldHj0Ma+U/XZw29Wp3CzSTQba6r8tZ8JSpZ5rw=","Jd/woOWqpwgb3XwC8INHCz0PAPA4x1Z4HI8qsFaKYhM=","LdqWFNgkgBzObtwe6x1WWlRd6+7QhUsHTnNH7rRK2t8=","h5Od9u5sZij30rbqvVb6j5wjxzlwtkOArH5/S8dV4H0=","Tsf854hoK+S2yQsLS4uKfBPYfCpMZJWZY6G22oqz7xQ=","CZRiwzOo6WLl24orAD/pWeWklVV9PgbpnLBBHmjfmMs=","4FwyFl8peuQOmdX+nJv6UbWrg/qYB4DBkycr9O++104=","roJtRgSXHgY9jpoN0v6SZvhgA5IJErg8UW87pqn3F6Q=","72S5VMA2KqLeP/sxWfOwC18fhkIKynwpBjYWRWK/Fww=","FU2HolMpS/L+mIvWyP6dZdmzRTwy2TcgceI0abjPtUg=","QWFdbb2A/GXzp/2DFyq11or2bp4QBCRRZeJZNZo8Vso=","IKwjj1tkP5FKNQ7apQkLAeytWE2Q3gCSsHX3usAwhoE=","fnjBuA/UFAy+B34LCm6i4IMAOKXHXahUBKb93aWIYY8=","iejTX1VD5/go49QOlOe/LAK4TGHO/FgUx+nCb9Y8bHE=","PwrBU22CaMXUfcRITao0yAHHW8orcOJtjDn6PxH+lEE=","8h5Z+hczhXt7LfTn9L6+ysO1dtT69ip8gQHii9TevFs=","QdJ9vefLEYp6YKr76ZGmoOYbVmFcbQIWQN9xCbYB0QI=","Oy7fRKL8oUonxmTd/uJaWEi+C8UO5f6CUA7fqZAY3EE=","edw5HH9HNxMX7cIXzUxs2E/R8LWx+IbfxQrxFaGOHvI=","VeDF0UkGjxY61UboOQOLXNfy5bqIn9YLJnSSmKA9Oc8=","isVPa/ze65c9hXbCZ1HQxyrs657SfkQ+qZH9DDiDHEs=","gnT0ZhHBoM04Xph1qEIniQjCBG1NtTVaf282L7Ug2P0=","0JtcGSUBD5ki76vVBHcFgLh0YVxK9cNrY6CmiwxM5Es=","x1ZiQc14o7T1TxHIey/5b/AVRK2tMXFTmmb8c2uUgwI=","tfZMj1GNVQvgCDNkF4Fy4IoyZptrbkV8o/jYUQ5hL0A=","z1HpRrvg9mLyJkb6ghy6fnaDgXk6t1ah3Y+C4lvs9WY=","4EJyvvMFGarfhW2lbv18gfsW663CEVXq27Jd60ncarw=","YHBEmhX8UW+oVF4QaLQLgIp9MsvpTB1fk8utUhv0XpU=","E90Q1csYbUbTjp5MqBeFO8C+hLEKo5n587EqRlNjAxs=","HeZDruHy6daVN0HmKzuBf8zC36f2wChwC//QHcbl0/c=","g4COW/zYi1NZUYXzZzBL550a+58o67/AQKJh+qpNF5E=","VDa8lw3HCgF77IkE6Ur4hdaHycZ/HF6n8l1fvrKZMUM="],"block_size":4096,"path":"static/data/adblock"},{"block_hashes":["usb6NJPrFLx06kt1b3yLAh98SV79U5xNm2iH/2qkjRQ=","Az5+bAZ3TEojqJiagwklWJ9DHPSUZT+3CIWapztx4Vo=","s98YBxQncpIgOTBS4UKmJh15E499cozG09CzrxEKGwY=","hQ+vRfZb0KkMJQbU1Add1P5kArHrG8X/XdCSCzFs7WI=","CtIxJToc5ps8s866KacFhvMB9tHiZ6p9kd8VWC/MpNQ=","k5u+qTdSBUXhStVK+ej/0JCMh4GUDeU2P0tfVqdiIgg=","c/dEv10oVQIx8+1VOQIxVewne20hJA+m/x/oiuo9BTo=","tNHQ9H8Syk6UiFHcNzWYBPIUsd0hCoDFnINztSAx0GQ=","CtT/zrG2OGpyoFA4v0DU87XGABk4URchfL2YIDepFcg=","rg8XirnW/XjSuejuZYL3XHe9sVUdogXQvEQJp1UAo9U=","4WRL/ZjjfTfouPnMpwe9IE3PRrSlqUbApCoOKF0wblg=","REqy5dHy+3Ck4O4jJDu7qjfkxg/1qNCddqYPpPl6BbE=","+izOqM1hCXmhtnsqOZok2LkzELnPHSuONBfFhzliI08=","3ZSykRC4LR/op+NrPqnC1dklWOgHlxBF/1SF4t6UXw4=","EeZiNx/HDqMaO3rN1NRTZV6wUIM+VVHHi5TECmfFEjc=","qaHHXHbKIcVWpGBTxzRkZRdzBzEilYGTPC0DVOZdLV4=","VQ4o6WnrNQDCeifnrmcHHQTq2NxACc0hSWHuKjQ6+3I=","qjdVKJYWBGQnry7IWp5tbDdR8E50csuzooXYU6p7l5o=","nH5Emt5Ex+6TIsLxETTe/xQZJMS1rI7chQJnqXM3aEw=","wfc7ix+3ZJu3WnTHn+J8zrZUChrj1J+GLaTm8xW4dMw=","PcucsJj7hx8MLcqcgdYEEBOvwH3Tw1KI6F3AmGTxrY0=","rpMgvqxORjfWknUs1ZCcvR5gE/zZN7AyQR5LkZ7Laq4=","kYIAFa8bwcLeH2UxRxbgrqhs6BBBjq3joE1wrYc3kKU=","gPKRteWX8DYDDIbl7/hq2QXCLv3TT/Fo0eu/10Vv528=","Sx4NlTGLjorAvKlbDM9mTUbJVCPArON1Hk8n0XB69CI=","DXZ2jKZT17a9J12z7wAtomi4v0zOm2LrGdm0wscD3Ng=","Eo7gIIOmb6iFhvkdxUE+nL/wtgwEWwHPUF2j9oAFyXo=","8Fbd/1H1Waf75+FpCIPI2qgG8fQgaAWmZaDBumPYIu8=","hSd3NIcenrbjjdp0h3YgHSoFNU9Y2hvv3mj4+gHahsI=","yP0mrtEeJUXEuFZ1YeVsqcT4rWkLkOwSF1WljEYy25c=","IJUbxABcSo0Sco540w6+wciriDWLGNuA0VCWdr4dWVc=","HztDK8xAhj41xMeqg1SP6CBqbRxOYNVv73TbWia6Wbg=","AmwJpQwEfcMfSZmuAlVja8yixSnqTgFnckh+9JLr1WE=","Vjetk1ctvn6hQy7Hstjv8mmSW4xeU8WPGMUqd2PE/xE=","JJQUKgK/vOQdsS8/+LBrghs8BfeUKTB/20JfpzqovUk=","st9bvBO/AFzZpw2QEhtgbbGJl9jOj5U9pqIg2IDWxI4=","7QLUATbCGOZz9E66qWKyGAvZIrHEk4Nj1QUlaEofkWQ=","I0IvR1cbOCd07b3cZ2l3cLe4vWfdVhIf89m+x7LxRcY=","+6+ysuZJ1ZAl4baqJTasQ2f2v8oKsV0BIhOrfUr4TiU=","xc4y52+TtydUdsGZvYCq3WtzTS7L2IlaIRPYwHHNNnc=","LzuEzxaZjPv8XXFmzXfsg5W7/1VwmHna5LBQjRyzbKg=","ubw9jMbaJbTo+FGDtaSeGaiqOsAeKHNv32kT6aswJFo=","b94Ud0RzWH3sAGU/6afMOrUl4jE6WAZvx9lp+HjYiVg=","hhb3dEQPvGrICgor2umvOFKxFX+bCAgJfKPOxn8IDnY=","2zdyjkX/npQ3hurY9TuTS7hB1qehr/008rGs1Dana5o=","UecmeCvn9kQN0klsCA9XF+pM0s6kfBdJGf8M/o7X8Kk=","xZBEkRBZLYEfhQZ9gRe9eFAp5HL+YZjQd2ukKXP5QEM=","B7BmuvZdDn+Wn51vr3T+x1mtnulMn5MW2rS4kWBdFnU=","L6+7Wszoq+WGIoMAqySSf3BTWfjZ2f93+SH8X07a3XU=","QNYtEkfojTTvFx8ILqNYNuCg5KDo7Q9XCn4e3KKWuFY=","ArM8+jlALQFgmRviBr78nSKF+ELO3dOWT7/kLM421+M=","MVuNC/QzwsYWu0GTRLfG1Oe7CKYb9Ik/6qiH5dFSUSA=","h4OXdgc5bsN1jAZN1bxPwlUkHwNP3ngGX42bBb/l1sE=","IGIIVbA3VUF+k+NFoIdnDAFwQwcUnb7f1NjsHFZnBGs=","6x6a/a93AdHsPQGcO/Jz/jiLOwa3IMKyYSC38o8azHM=","8ypOR+k3iF3Akoyc0i01mUUqx3extS0RaeNqGXAbFWA=","OinFvT8loEDbq1cuiekqhhJgeh2AqD9CLdXJF/2eQnE=","gc9zfGjqP/0sWfH+zixg3LDAQd5prw8gM/6DCkxzkpU=","2ZD1+6Rh7qohAqR2RaHtRMnBji1SJ8m/Aj5dsAblsrA=","jPKwoxOvY52cpDfCtkX5apfXceLPOCpmmWe+UoaaCEg=","JTqjNlG/FAiz+sT+nofjVBAkj9nsP1YFC2V6qMQ9d2g=","I94tSyoHIuzgOowWBLnU8CAjAxW8psES5y75mSteh6k=","Eykg6qOrbd8n68dVC/Lbd662Oc82TVfXFOtQDIN8WKQ=","5rTPHsnc+IyStaYnsgRnz1ihC/Pc7uRuLP02Vez7KXs=","39IOBTLdBUUky7wc9aeWHb551vr980dgx2kLeOzBbHc=","Gr4TmyXqrjmzwNKSPH8VvBrocW+t3aRWlSHq8Q6Hjwo=","TwuMMu0jCE0mUc3ivFLhvyCycGl4fvXyjsv0cnAwt/I=","mmF1j7uL6QUJ8AwUPCtV7Drw4iPwRPYdQKSatFyK+30=","sMcmN6pxhYSJx0HTeYnGB9eyb+xS1mWgXqpUexJdWvg=","CWl1051s7NwFZJA7BGsyZy6ayS/GKxTdt3c+P/n88LI=","R+6x1vHO4zeN6+dJ71n3R/0aMLuay+gUzA1ewjOWLRs=","8xvDZQXApPl9RcFzQF2VpIkHgdR+CVcaSTkYXAfqj/s=","u9Jrh6yoG8zJzHbv5t9I5twl8oe53lXP0Dg+eRbMpw8=","f7qAXRD4Yhs7wx43tyPGAyMQstmpdC0Imimxfu8To4U=","PJtr2ZQcxP2SqGrXivGlcYeAki14c7KgDrzqaeAmZ6A=","ZXOdZ/L4LosWpU7alkI+mg1XBAXTqPL1hF18FGcaTg4=","6sWI5Vi227LUcgcavDFp0X0ty4+Gl6gwdxhwuTZlSUM=","LJnqbE8ZSQ7XEvXY24ABZ9ggV+QNBCvoSHsJeUiAoZI=","vBx/C506e1maBtay3akyPIUg3Qp25UF6H5MWpk3dXUc=","0idPhl7kW6UwEN6gg6LeRwLCJeKV5VZZU93msXfELN8=","P2FzBMfLWxpC1o6POGHgaPopP4yF7b/ynPXEGRtJQpc=","Gfa4xzxG0hct9YsZxTHmX6QrNaevw/hRlV5exoqV+kE=","p0IRvxSgJ5nCnesstVDwd+b+XcxsJnM9oA7qHACiGYg=","OcRzGbsmdmcxtrpBQYPFBASEqdpw0zo1fnnBtNvsNYQ=","arcN0w0NfQ2M7iG4NsVjkBvAcHPK8KJ6CGazc8uBXWY=","cjQ93yDM5ulxr4oXkcVwj3oGRimsFtO0GysEd/pPDGM=","2IoZbzuNWF+toSKmsSUgPjeB0KFSjq7jmCXYUqxhLyw=","7AwFV1SjYNsLoaKO7dp2leCHP+sQeEsV8ul6kEmCKpE=","PaKL0KaZosiIi3N9kyN97hbo51xCFUERRQb28oLXltM=","SiDeOq4sCEKBSnzDdUIj120XYfbrHUKRUkIBBalgk7Y=","yDfxg08yllhMwBSy+y5tTims+Z0NJgh6AGbQubZgSU8=","6K5w/ZfCv1mpOfE18HcychL0mQKCIiVa6Q1pOY1jNLY=","h8ByeuYBlnfew65RvXZjgkFpdF0WB2Y06hTT99lcgfY=","zGLukDjWt/kdQqZh1rewctka3yYnKFjMwOMuUuAvqI4=","1auRHKzpTt9k/gr4DR+WRnXcOhEcR3iXNfzFf+N1t84=","/DQq4ydr3KxdV+f5mHlBiqwsOas+bHRHS0K/fAeGJPE=","OzSUTtPI8lEvQ0CH7fvz27YEonTyCRf2u/ozqo7oBmY=","0nZjMmWXkyK+agJnGjCs299x5gpI3mGXb3vJ6uyYVAU=","0YlkjzQHQRGr+vijG2LJC7FT3NWiH+5st4GOouCeIis=","jrxwo+Q3n9G3QNE79HVRL7k95FB2CU5Lu48ewLKvUQg=","6plLrGpyoYuzSxraqTySjrEsyIkTek/k1tZRDVLHi9I=","4Oe1t7815ydSGpL96TDk7p3eS4m/RSlKSDEVWfLEGmQ=","maEkG8F13z8TrvevHY9kFMT56stgyHO1oeAxO0h1Ilc=","jopBXs70DojBWKVtvEzyI6kclkPpoa4MZ8S+0Wmw/3I=","Ce13l6gNFmrgUQClyz9+ODYZMt5aD6lrBguaznJo66U=","dJsVOxVW090OaNbT8INstStQ5T/oPYi8CPMYjYFWqwY=","cKtrdXrBshYc74xOO9kvUreD3zGLgjL/dJb9XJ7AZU0=","rIo7dyOvHkOgc/uhYa8NYMVAhrEN/44dmYxtgrAq+pU=","JyCnq6T3JUZr2ir3VD6VzWEfFGJ8DC9qLDemfp9YxqU=","uZi1+SBbcNc7fMSIkpDhz+I7AUNfbOoKqOCrvxV8RKU=","grCvVo2FoLRUYFwnul7YSznt1r1Q1BQhnslIXQSlLPE=","ES6d1SKTWRw3NNvzimAH3LDkftyGQtBPkxs/XhepBD0=","VX93h6LNjq62/WZ+4+uoOa9unMmGqkzq9dTLOtQ5lYs=","8EaIS68J1i0wKpiql2lipnDv/WCh0WF/DDHtL5WW2ho=","cgB0g5CSVhaLdJDfH7i+5bWfLSiH2DcfWGescBChm/s=","mZ8N22C4cIhhpl6vA5das2gyHgQ1zWa+fQXOxlyVg5k=","bcx1EC6bnJS7N1Up+sY2786V21ZZfO7ubR8fF/pfiPI=","uRRpGB/e92ooYMYs6Rqd/m1ynpKHobkI3cYWrlmsgFw=","17eUXHpSnkRibq4V6lrtJLJZUxWzKw+Tkx7Hp4rSVe8=","+z5ii1MLMnHsw7448j4k5hYQxcyXEIXn5l0342qe0Ok=","2kQq/F/5Ivo51uGSqv0t0pBgJ59N8+cjtdCw6QiChjI=","Wp1bQT7YouBZUtCs53U7PBPrR5iUABDjM8PY03B3mdY=","/l+wtzqlrm8gYCuOo/gg6CPBDrtN1oTsdfQC4ezFZrY=","hkqUsPPLmhL7xx4+UxO3tHEkw0zkKzeKfk+GbhsJoIM=","xqvlKhLYyXy6gyfoS7bjPsZQWA8+5UuYlcQR3NYfffw=","a71T7CZY5tWZCfFSLEviJEZzEZUUaxvW4MEBcuuMGeY=","FTYGaQWKfW+YNCyHWL7bmXVm4GvldKd642Tr0YMy8qE=","sG8Fx42A3XRGgUPNMsPXlU6vqki4PDUw1eMYMwDiT5g=","tc3u1j/hlXwztQGnkc+uKT75dmO3gII1Mv4cW0xBfw8=","VdNU1Se3DcyZEfCryWYbQ6m7FQAdfa1TTlravdvPyfI=","C0k0gpMlR7On2xRz0No4bJzQc9YjCBd30JiXiRY4yj0=","c6w9VNXqqM93bwxCapYfgZQ2B4uotMFD1YUsfqJ504I=","X7FbYngDgdokmowfGg06rH5tvjCoVejizNNJbi4Hrn4=","D7CE8VfmocfLJ0nErbqq54D3DwuBHIWe+jFO1D9D1nU=","vFFnTAeHbXNQIOPHtPYuuxA3d+7gHFOv52Psc/lS2Ek=","GXhCwJtnKRneFcKIrt1lqJQSjUN/tCpzjXO8b2c3Zio=","ofZFXCWtKEuaQnean9o2aBpja/gFHqkxeAuqNn+yuNw=","sX3YFMG4HM0Fa/7stOFJjO8joQ4QJgPlKKVvU6pd8CU=","8ycemYdQi/sfILn6eZrkB8PQsjFnn74Aaz5A8RHFxH0=","wY+ImB1iIqmyf8gd9CuVmKW3l42jvtzlJ2O5t8lgZVo=","i3BOmjeGDabdovHXyU1n1Wb7G8aYBT1ZyB9ZwWW4EE8=","z7g4kesKpbcz798JYawRIMI7ycdtmagbdB8QnCq8ffY=","iSmL3ZvPeFInAEyXkgUCJQuQkanCyccrJpimy+lHdH4=","uFRV0cubwVl/ou6dd4K/Tgr6G+8JdQR249lUpejgiOM=","Et10rTXU1ZvmAxsHXzNat0Y8Qmh1A0b66k+KGSxErcY=","hJD8Ozk3xNitHM9weuJVmLtt8/xC2OFgnOGZRk1FMyg=","NzGNe+dhlPSPCPzulorQfUuxEIddjYWgdYNq0M/BuP8=","8JUkm1t/9SKIiOZXI5NaYK7EJRu715zM1I7dhB+2IYk=","mv3i9Z9as27wKn5Tlxw8wqa3WCIFH+eQoYGvHrHaXLM=","Uq1KBFNGruFy25EESU5mLcK1Iy/mmOQDB5qr5DrU1WA=","nm34JiDW9e3qhqCJiQytECupRHM4s5a1L9Vjkcjdsk4=","04v65n+9b4Tz5H+7S1U5+HTXeCdraoulX3ZEMXSBi0A=","cqnGiUW2iBASFKLDqnxrvgPl6hbLa14tM/RQr9wjtRM=","tynlVabXpKerCUjAI8cFy0WSnCjL1qmvbLSa9dRM1iU=","ksSgD86m+bzoUNwBY6RXNUTWzBMsTBJV2Lg0vOVDunA=","V0b/kFj8lfcG4w8cfl/YC0VqgGeyLUkw+wMaDqHD59I=","LzqT2N2JMZJky4MKDjsIZ4UQz0QhOf/d6ugezwvIUNE=","ymq/jCsro8fsJngQNFVXAZ2nFOlihzWXia3GAcgs1fs=","dXPSWgfM1LSaEzqBC/iUxqzGVRprMPPU2xPrq/CxdOw=","72ctdP6GDA3Sxa1lFJ9Mo3d7/LHdEPL3M+uzG8wZ6o0=","QEpVXkO+eAcyTKK+4Wi0NchQarRCPFWF0+uhrkVe3Q4=","Ya+Kyf3ZnAyshVlnaxsfRvTtBqFsYogIX5BPEiRHJxI=","DC+JQFVq0YMYVZOdxc8ADXn7p6NaCx052/KUTf+l7+Y=","B7PsjG2g61DkQTQKAUJf/rj9iTVS7omB3LXH8SIHOfU=","BOZFpgzXU5s7ebhkLCHzaBnDIPZT5vQOaqGqcYJHLj8=","mb/WCzeNQrgq9mPSoLlai49bW/Rq+RN3ym4V75lUC60=","GLRIoKbcucz8eN77OQYPSBFPH2dDgNI186f/YiMLOyE=","vjQUVkdm7sQIyGb6PWWda0YXWuqTdmGXZTA9f3kDVsk=","+ID8jR5lGrgIE69HBIKlcOJhBanwi1jJxoTmO9FKwM8=","lt+tC+iZUnZDMUHN+I7rLYzqq0BUVNjhAqHFZMLupA0=","pBr1QAFJb4fi3Nc7D6saGSb4Ebu+okJ3gj6btZPgRdY=","EaFFiZ3UDYt0MUjiuHKHh61/IEYWIEH3+kB/BfcaYg8=","wHDpJS9dbkREJpQr5kh3miz4XYAwmhAVoq02gHmkF2w=","91RpfkyGzZOGeqw+wj6SPICJxDbDg7jqq8zGcP5PQIg=","50O/2cQ64Fow7gIlskQKyE8sKHAbG9DeJKloXpjxiWM=","eF7BtEY7+naRFbcD4P+LwJJxiwAzIdVsVWxPxfRo3mQ=","0O+sPrb1vNtcdQhQUuoXt6pDYi4zWN0ivT1XRSzMKqE=","t4DZ1GVW24d+K7Ku3dLfBMLDs1r/XCHWTYR4LVo8s90=","JKdTCs3pY5OWIHbJcGihtNz0D1GKVtXs20RzFdfnZQw=","QNYy17q69eDXkvRD7Fxi7ActefpO3SbK67uMkgxGCsE=","zWiCpn9bncUuFDcGtLN4plcTgJDI0ZTuAW7LqROnZgU=","S75tr0gatJNZOVa1zZtLNB/K7NxnIlTYQzJQa10hB5M=","Onp3o6QERdvnEepytA2rLBkcD+ZAdJdtnzmRT0lsyF8=","M1E0oNR/RMMWSZKhEy7qe2g6Uk/aoVeuxULL5CTPXJo=","zZnN24k6wQ3IP0nohX/w+AZgUZ1BVQvdQzjGTfCdTy0=","9ynqjN8drtn00suLXqZzXW/hKc7ESbbMyOlhJ8fqYkg=","K5Ve+KY3FXj7oyH/PgKYGcT5A0oiC8V9UaoBm7BsfDo=","KoAoI+jKYouiaT8MqSxryvXQusMrdAKn8ppQU5uu1kM=","zY9myCBTxPj+rhtJuHzgfU3+GPYpgNYHMNBkfyRQJ98=","76+KdGvkIr9SlOAaATbkjSEbxDyXTarWnNFkW2Z4Wvc=","lC9HgRwFdhLlBkDd4rGamUNSYNViUNAj/WVjJRiYLUA="],"block_size":4096,"path":"static/data/malware"},{"block_hashes":["ZQyg4zZDJvyYyFizrrANMHPKnyzT0iuvcLcki0mXrUM=","PANVQIQPebtzk9gQLQR3gvsj//rRgUPJt9QBly6X0q8=","byp0qF3YHlIniByJFOW/tFypWHFoVoimkV5C87whw44=","7homRB7EE0BOHNyW2KdHhr/e1n7Tr3mrxvziJfNZvX4=","ONcSKuXzQ884hhuHv9zX9QLWrSizseA4G0yAXEtNMOk=","ZkolnhtX4WzvVbDebfV6fvagQLnZP2O5QgCAaxfed+o=","sM4S53MlY5uq9STngn8BE6Td1K9HqDdON5y0QdC2gYI=","sh1pqDgTtSzMvUyQTN9o+c//c2NVGEoiiTCQotPbXW4=","nBevLJmkestiERR0ozbM5vjQmsRwK0b2aalp5AqCxYA=","Fj3s4Bc/TQDBZOAZki/mT7SDNXkTM8Z+mvwMdG53QRY=","Rl2DSJGBpuNJjw6SMwelbcaEyNZkbG1ZyblrPQRu7nU=","6842ed8Gr9hL27/JXS8OVJTcinW7BA8cCHSz+plhQlA=","KSTfoIShYNiW3oDHb0HqPf58AH2T4vgurMF3rjvUEyI=","o2R/fdsrSLVfDRqcCl/nlIGJwe0bTR3VncxUZp2js/0=","kO9Fi6R0I4KCTSbcDx/B5bXLZc4Ck1GmNImT7FiGOq4=","TXJZ4Dt0UowRl4DpuRmNOfZernSeOIwL5AHSM2kca/I=","WMAJyT1XiTYxMu4yUDhleA5jpnKDv7m0jClChh6+3Kw=","fGJrL/WYqy0visKhzjkQNij6pHEPwCbdxi/DcSIN3+c=","0bDqD8TKtR5Omdpfkc9FhBTIy93ryjoIv0DoGc3cp+g=","IColg1PpbpUn7Dt6J6dnDLaxDFfM+jvReqS2K6P39aM=","aYnpPNu+uUjUsTfagrfMDMck/n8qUAj3S+T5S4KYm/0=","T4hZQ+jDDAjq47f26jJjZBOvuOS6JtFbAGOeBxq/ND8=","+kbgVzbFWo9P/GhrDeSKd6a++gngpvsrSf5zj8VhmJw=","sl1VlO3bJUK122p8FIIBYU1H2oItJl+MG/xDLLW4oqk=","gFfcwUrVMXw/hcuNzDDmRJhRD1acKeMoqFeEak+6erA=","yq04ABI0TcuCmJDNhPrbJaXX74M+J6HzQ9kqfnsnCao=","Nh7csDiS0bmVHLsY4llL4FTgZGecFVUX2TKjySVMlWY=","Qk9J7MnNQpP5JNi2mM4biY82gNKdfx2oaQDReAfZZFE=","RdQDeAE4JuOrye8rtnfMoQn47c+cIZvuTnhSljz7wCA=","G9xWxR7cNO7vSWlSOIDULZRaHv4ekCnfG3ULtkVem3E=","xwCMiYFbUEU7Ka2SzKmUvuhpAW6VTYvuf/8/fFAGoKs=","zwCg6YroWelNyV139+GLmly4RyzAEiswygS9NKN/6Mg=","FFPaAasDDjsCXb9xCGaRAglQTf4jjcpDlMWqAjHmGqs=","AWgNsEC2d0SLmRxtddwSNGAX63MZvLyF414+qCc6pZU=","ColWc5G6n7Cz5GVySd4n8GUDM+kOQ5G4XmLOoyg3V0Y=","uG4LsRqx42CpbNPAGHF9s0fMrLPk9yRxH8YzB+nrF0w=","/ZzqMfeLDZqfWJPiZ6SmsZ+YjmHq+vDyA2KjrXUpwmw=","7V8+NTAGD0Ug/eAakhIjsfYdFK8hDhZyuc8ynkHzLOY=","fBk5sdHgCmY3nNBy3MhtX1HsPtrPm2iQjfIyMiOfkW0=","6RUR9S6S+kPad58oAMLcEUEn4fseR4VF97+CW0mHicA="],"block_size":4096,"path":"static/data/trackers"}],"version":2}