{"file_hashes":[{"block_hashes":["pNED2KIPKIdGr9SuBBP7pGMwn6GW1U0bnuY2WviMBE4="],"block_size":4096,"path":"acknowledgements.html"},{"block_hashes":["KKS8eOj4k6miC78XbGiGgTpCvbmuYJwdc/VRvZwZJD8="],"block_size":4096,"path":"background.html"},{"block_hashes":["J/2Ll8GZJdasIwwLZYPc6jI8yGm9oqMUi6qhIgFNAkI=","BO0golFnfbEVt3v2iNImD3XffvdITUDV+rTKFP8MvuU=","1aajbuQteUsGkkR884TTZqrVslIoVOpBHFsmO3pCFsE="],"block_size":4096,"path":"fonts/OpenSans-Regular.woff2"},{"block_hashes":["f9GYTAD1mvVzJLsnUhzTaBGgzCGUhdV+zXbuNmdr5ac=","0ovuTzFN+cDgRpCAU5AIZeZiRiiO6JrvmiSLmScrN50=","vtdCW8j5O75FcWPQSj+Ehnxj0M3H4z2znaUXv9qcfYs="],"block_size":4096,"path":"fonts/OpenSans-SemiBold.woff2"},{"block_hashes":["Zpc8zKmoP/2t+E6AvSn+J71973ifY4H5xbrEmjSsnyY="],"block_size":4096,"path":"images/checkmark.png"},{"block_hashes":["wepxuYagbQMNhPXit5+oip+F1jQQjcqIB21Au3X9mGw="],"block_size":4096,"path":"images/checkmark2x.png"},{"block_hashes":["cVyTqpQUxgZU1ovVgVTGawoeANXLioN9X2P26H0O1L8="],"block_size":4096,"path":"images/close.png"},{"block_hashes":["ytxLGYsoex0hZqf1cjrA19AAH2lHxdHUMKoFlQlDQsU="],"block_size":4096,"path":"images/close2x.png"},{"block_hashes":["AyGa5FUa3QViZenRtVF13CYGaZzKWIisRQvnEXnUeiA="],"block_size":4096,"path":"images/collapse.png"},{"block_hashes":["SF5zd+XSULrSlIr5GGFK9Thmm9csZcDmDx71z3uPKKM="],"block_size":4096,"path":"images/collapse2x.png"},{"block_hashes":["IMnQuybyAsJ3+cfPEFpWF+v/3+X1+0HQ9V90yrMJTGY="],"block_size":4096,"path":"images/expand.png"},{"block_hashes":["/vRCRIfOJk8uwYfEZBzkCC+DNQEeWHVlASfn7qyrc0k="],"block_size":4096,"path":"images/expand2x.png"},{"block_hashes":["sjlBFmrhWQGJqLvMC5ze0f46zECCBz9QDNJWllae0eU=","/zlhKr/DxLicJUTXusfq9A8aYSCxfopZvdGYHWt0vHk="],"block_size":4096,"path":"images/graphic-crowdedbear.png"},{"block_hashes":["noB3VKeo/E6Z1xpKHL5Vv2rlXNZmSu2eFEmJarc9Wek=","gVqGFXc7ZwRrwF9XXaiHJu/6IiNClQkvgMMhpGaMQ9A=","ncQ+JyQmSS7eLsqWFXC1xbHjNYKcqBwhcBn/Mz7+wRA=","kgCUBSChPSwQbSlD8y3pMteF79w4+9ckwgCjU7tAQPk=","CEDlxIglic1LgAFIhqAT1fd49ple/rBMa5enU5RvJ7I="],"block_size":4096,"path":"images/graphic-crowdedbear2x.png"},{"block_hashes":["foiKEUScv/0kUfC1tBXgKuJuY5lV7SfcETBXe3edsR0="],"block_size":4096,"path":"images/graphic-happybear.png"},{"block_hashes":["iERpsrMgC/DgFtVNRsJNsykblHRYsFosbaNxmJqhuo0=","KUwuoa+s7GAHCIkiorylDf2qwXTWO7rhw7jcE0Q7s9g="],"block_size":4096,"path":"images/graphic-happybear2x.png"},{"block_hashes":["yDrXVxSLNy2Sm+pfpbgFIpXDzTEplMbwo6Uv0sKPOg0=","RfjBKoO7HYE/JjVCoXKUQx/X4HNhOWXBYooNiB3dnvc="],"block_size":4096,"path":"images/graphic-mailbear.png"},{"block_hashes":["CXK5WMCWxDOyPmvMW0jmlxB8MfFldr9B9agCJjhDIKk=","z+5/dkp1MRa9QXMo0AyXtJ45pABARjExpSDtisM1boY=","zP+hS1Z/bFXo3gMJjonvKTjI9juyW/WSL+4/0XV6Mrs="],"block_size":4096,"path":"images/graphic-mailbear2x.png"},{"block_hashes":["a5tgUkzI8+AjEaRjkAsPcV0KFaqKyv+Z1lLVFZpVb0Y=","RXctjo5nL2yz4MBMYGcFM4CjqS5aNoki/3dIhxWMZdM=","f6ZfLbLa4QszC2cSghlWo/DgkG7rYg20Dajmxgdz+Bk=","cXam5Y0cOYKsw9JFflhewp37OaGoMYylPnQx4xrSSK0=","hGMmbyTAmeVLxrtgrw2Bp0LRLpdEr3kMYgYpFAXxxQE=","RAwrkVH9FaoIPT5yO6eqllLu37xoa+r7Sh0mLla1dHQ="],"block_size":4096,"path":"images/graphic-pluginissue.png"},{"block_hashes":["8r5HvkPCpO4qRlMdEEnvF0t9kn3lb7vTipHrb0tLS9g=","UR9kXUmkSod0fzJR456GpiDLREZEucWOUo9gyTHyY/8=","XK3X7T6JWVlw4y4IkBFaiFwpQtc25yTc8Uf7pc2xceA=","WlJyLvQuQMO4MGSMZ7TbHbLDgKnDJDhviAaOGAGaeIg=","zqG9BPq/YsRCv7Rq1niZ0lAovMi6g8CSkey0LlykjM4=","YWBAWc85RjnUUHrEU1z5oDdu/RpldcV9l4Pqm0e8fTc=","78+z/xwoky4HzEKa3Uras63Pu3UCPQqWimuPrHOVq+g=","fp00yJAsD/oqt166sPgZKeedX3EaCKyMCzh8Jq89I9E=","0CbxxyzsIBdan92qgPTVRyQWQA7K6YN6uBD+7lgNSxo=","/2Bo6bgz3SI2TOSjp4BtYTkjYDpUjycScyzd1kYWpfs=","htxqIse5rEY3N0J7DTRLTwJ7W6HZd0IVlfUz9y1rJ7w=","MGkICItP7c3oCI0xku0yfVu9XJuBBmLb7RwuurDZPiI=","TmsCnBGwJ9M0hu8u0yFlV16LOJPaBDYbwlo85bu8NZ4=","6AWYbAGcXU2w5bll43HBPeC9DWrfZVYeMxI9K/qzumo=","AKNA3Z1ozT2j9fNcGHtBDU+Ds6x40z+1c/kucsr3pPw="],"block_size":4096,"path":"images/graphic-pluginissue2x.png"},{"block_hashes":["2UgluH23htGQDhfbq4WHNMiFtEyZ6ii1o/9hN9bovck="],"block_size":4096,"path":"images/graphic-sadbear.png"},{"block_hashes":["hrEJ4z97tYL8YYul2829XGcoBdkRvtw1NU7e9ebieWw=","lH3JesXZz8tQDz1SrZftlfcLEb3BpJvpQQlcIM05nh4="],"block_size":4096,"path":"images/graphic-sadbear2x.png"},{"block_hashes":["J7gKXfJZLp4ELHfXlAUnCOoryySkEXxBr3sNqPy44nc=","oTM/U26K5fC3gD+N+nM2OfOOQX6Xt1AosmRsSqXmKg0=","UzaLGV56bzb3ciyTr3IDRb0OjgYl9hbx5G7RnoL3n5E="],"block_size":4096,"path":"images/graphic-sleepybear.gif"},{"block_hashes":["r12i6qFtti6fdBniY2f6seXtbdU5IEou7OM9JIbpCMU=","8x3v3v++VX501WF3KqXRucajYxwI/jclZ2v4d6ngY0Y=","rVzBV1A4laZDQHnkxV52j/WRlAR5U7QrJbc4SHilboo=","qRZ06EROV/XUevYMEqVqQZ6Wf1mJ0LDIx4mEfqi1yVQ=","CqQDGAVfvkMOgx+0Jbbb1oZ5/S0RLVXLTWQFgNxEJqI=","R/VpNbNfW7oURrDRSuWzFw7jfS5XhdMT12wNTYcjIe0="],"block_size":4096,"path":"images/graphic-sleepybear2x.gif"},{"block_hashes":["fvMsnNbkI0DuXLpc03WRZ7QYG3WHt4uCvMK0cRxNk0A="],"block_size":4096,"path":"images/graphic-standardbear.png"},{"block_hashes":["utOEAD6hRrPbiPOQioinMs9yXMkIW4N4pK4qRAmcs/c=","/UGdezD131h4dB6emileZuLB9JTXWg20t4m8rOvkDL8="],"block_size":4096,"path":"images/graphic-standardbear2x.png"},{"block_hashes":["hL2maIcJ5fyQEPCQC/CU1OJkl82Sq4ILG75BzjzDfCE=","Bz8FGEkEUUgaF5pdj4i6FYgHEPCcsZrfUWwQjtuO++0=","m/+PUPbsPnPBDVRrZakKBlypKcG7eEng8d0MnrJhWSs=","0gaoGDz4TQ+dm+Nqyg8pa4FfHAPAxMRhmshIcXb5Ojs=","oOR6vMtdxYkrjyn3BD9atkTiq746KW7jBbM+uFF0yuE=","OwMcRLK3fuI5QBqNBGIASx/FpACesSo5OViyTdAohPo=","9sV04OzHowlSRSOMh+T5IUchGKXIfrp71KHVofoSi1o=","hmWXxDO2dLLoKFEjFBSlE9zZtyNnYii8mxQOJ+Zs1oA=","UZMenjgRLX4d5wcCEnprVkbIvcVMrCrVaY1Zu8EMeHo="],"block_size":4096,"path":"images/graphic-twitter.png"},{"block_hashes":["uRguL9y05b5i+WzSNpKGWwPXEBNT5AG6PeC63cy0UQg=","x9i1v3ajFwg1XYQP9YtR59qeSvVNNOmJdMaRf1j/L6Q=","m/+PUPbsPnPBDVRrZakKBlypKcG7eEng8d0MnrJhWSs=","0gaoGDz4TQ+dm+Nqyg8pa4FfHAPAxMRhmshIcXb5Ojs=","ZiWVJKQ7eWjqJkJHtEpOBlSNDbFy9nFv+iisECDRWIk=","+eQQWTe96VKUZYso2MU7BwGQMM8aDCfwYE77tpPzHM4=","XzlfkFpNOks2wmJtgfnr5crWyFs0kmknarEMH3Q0eTI=","d1sOiP3rWH31ft6AEtlvrUp7zqiB8NTFonWX8glASsI=","/PnfZ3P43rYDMY19PzHBm/TrbAj6E7XuFnMx1VBTf0Y=","CJjFnIqz0es7xYpPzgd2w577mDYAqwg7GXSFgVTdxQw=","asAD8rLpudD79JPht33XXNg3exBMS1F8TXkwg6Xfpx8=","tUCEh57Wg15Q8G8kZGjhv593DvjozNwOFuvaC8TnCDo=","B2nmA0y+IVbY/VAqh9Bm0JXx4DzlYF8HyJPBFeKdYnw="],"block_size":4096,"path":"images/graphic-twitter2x.png"},{"block_hashes":["150cnc8W7ymGgR9rSy3thpPlQ/9ozVZ4FK6WdtsIhn4="],"block_size":4096,"path":"images/icon-gear.png"},{"block_hashes":["oyzslR9tisUmUYHeXJh4AVkt4uvmupLH/O0lR5O2syY="],"block_size":4096,"path":"images/icon-gear2x.png"},{"block_hashes":["wJOpEtPVGoGZrkPXfVjHSDWX5sUQJz7HFGz0OFT6Fw4="],"block_size":4096,"path":"images/icon_off.png"},{"block_hashes":["6er29o54zF4FbRxzDwbn5SI/6dx4L1I/pVqlxKh6Afg="],"block_size":4096,"path":"images/icon_on.png"},{"block_hashes":["2mZhwWGEV2AlsJVPwzL34KfQ1PsbzDH1jZaK7oQXKtw="],"block_size":4096,"path":"images/icon_on2x.png"},{"block_hashes":["z6OAhhV1+z7i8pCYqyCMTtIM48vwsnsB9pe2c9X8sac=","UqUBRQVcaFgT1JwHzlNn9+1s8ghhqtglOeKv+2vmh/c="],"block_size":4096,"path":"images/map-marker-hover-sprite.png"},{"block_hashes":["JKs8iBMdE4lIjQ4hpW2/4ffwRdDj01ho4tGAOXA7720=","q2OGZp/BXnwDRXtll3vT/aeYFvuE9WaqmmVR/H9aAqI="],"block_size":4096,"path":"images/map-marker-hover-sprite2x.png"},{"block_hashes":["vfR7mOrx7vMdj95WzzAOIa2NDTr1d6GrwumbDrXKluc="],"block_size":4096,"path":"images/map-marker-on-sprite.png"},{"block_hashes":["3YNAZj0ieq3m+Brsbj497qU75q0dnDf2QrOV8WkH8lU="],"block_size":4096,"path":"images/map-marker-on-sprite2x.png"},{"block_hashes":["T5YLH/vf/s/0iKxlt8tQeU/ljpkY1oplX8xcMeuQV1c=","NDdFMbyyNOfKZuozBG120HraqOLgIDuphsN4HjO7cCA=","kqruGQTSebxPAJzsfzl/lRGEJK3iznpNPTzGCK3je+U=","dZqgO3k8ewBKPzGZHq+yGrZtCDEYjdewp+AgkdXduuE=","Z8517OHHBUegcGgBGaZObfsg9XzTuweRrvHDRnCEXWo="],"block_size":4096,"path":"images/mini-map-off.png"},{"block_hashes":["9opy+O7Emh0tl/xVt9TkQiy8P5h/VqsmVkenaV9L4aE=","1J5JZmGsD8lgk8tX5B689y8HrTUf+ww/IxdFJTAjvsM=","qhxJXuP42cKWR3XTWjMDNrsvj57DUAfpMApQ1EyiOPk=","qj45N9UMTaiV/4Ug47lsSw4SmaVhkT4ooWTOiI2BU1I=","CQ9jFvxg943yUwsdjq7uZG20mvOtcQGPmAaO77s5B/U=","71nc7mxjwzOWbbLFLAJnMeZWSv5mcGYqjqAzsHQALlw=","S7tr3NJ59b0mQZ2qaO5JCDJjDTlnR4g4ryXPf6kZuMI=","+dejSC4kwom5qwzwxr3p2ucuOaDOO47kSIDMBkew6N8=","HvkCFrQQFsC2HSYjOIXktPeAOok4c8jEa/8quX57kko=","rwgKd1NgeVTjSAJXYgtNbJnx0xipcAEOA3guzByJIm8=","NaabJ/cASnMY0pdPv+5ubpQaTzNXDB5BEUsGHYXA688=","8dQ5U3dbBRxeT1D6HSoBFr4wxuQiQP32fYWvznFRKZ8=","CEC5s4A/V9xicdW8fGKQr9sL+tLEOcSCJM9jCWm4GL8="],"block_size":4096,"path":"images/mini-map-off2x.png"},{"block_hashes":["Rp2UqrG+WR2q2H7eRD2n9uYHU54Arr1k0OsrR+T0xnU=","u5jDRFy2YTOnKsUjbAcL9ZRjLauUVUuqAHbD8iYZE6Q=","ieLP6vNm13YxOTZySr3hM0G4KoWaSCsRMOjXgnJYwmA=","Xkl3j366LbwGGwP8ySEvRyoQNEJCm24U202Lj0PRDbk=","Ia2pi/evibRmZl5xl9tho4YTdOAxZkjc0q5ACTpAYNo=","iinNVt3Or9p0ZA7usafRpKkcy2BjdC10MmSwud2LBFQ=","JR1iQH4vNsf6MG4BZC1+aPy15oY4KvoNbuUV97f8cso=","emKDaZ/Ppb3jwN21chlUoK4e8jWMN8KlhNrEjZzDdfw="],"block_size":4096,"path":"images/mini-map-on.png"},{"block_hashes":["pLAsj+8d/Hkp3+N6ZE1SJ1TjiaBxt88V3cQBnH1TgYM=","UEtmPPez8EZ9l20Bp8gEhgH4Ume7whzBdjeL0ZgkR9A=","tO4DLKdwy5NixRTPkiDbq0yhd0mO1KwTckZ7GArCGbA=","4VE3LSI45MI4drr0TrC0vbdslgS+JtwhXo4B6ZmBcVM=","xeAVBvKlKfeNDJKwVrYcHjtHnmjzjayYte587n3K37U=","OEP2BC0TAzgdwWsDLtTOrcjzXNXAOps0dwzC8a2lw3M=","STc/Q3CgmddbAE1yFcAcwc9i1KBxxnpA3BuzoH+kKbA=","k2XzjcQLuKFwMlilbc7awOtKTIl/dIrPugiO4R7viLg=","SCGgwzh9skae9jLdoCu9GPGs9my+vrRZMVA0/S0GdUc=","1BZp3Dgk0qgxX8Elorz/SCfOJjCHR5PsG0j8ULilx9A=","KdHvAwHzT03iOx5o1JpQkpacxpZBmiEzgOE2xMBGoXI=","5tfhyiu/gVVlL1kd7EUzaxhtycqKXaWWwim6I/go9R4=","GALtTzdO6GuvNrXBwgxtkq4h4Zxqzgrk03aBda1p2nQ=","yPcHxDBtZlleQtSoQqQCfHShE+Mu9/4pvXU9Da53Hlc=","1H4p9HMtcyqfqZIz338RXAlnf4evtuERz7nE3vKdzik=","AQf1whtrmMIsvlOD6zIY6HtZqtjCASXbk2S+4Ma4e0o=","Bb3pkAKtAGghMHhZY+Oc/mjivvjsNmYmxworn4UPVhE=","fqzAex07z5Y8AsDZcmc/FbeqDr/kvT7qXc7CVaf4Tgk=","+TmLWeU+GSul4ZvDQnTDZmbZJYmsZnnqkfElagjBY2I=","zMDPNt3/qRdPmrorqZmznkL/A2/ZtBkEFLrSdY/eepQ=","3/VMu5MuxiOx5yCkM3LdtUjk1vIEFnl4MM1qFQKxfFE="],"block_size":4096,"path":"images/mini-map-on2x.png"},{"block_hashes":["kr9Q95+dXXK/M2mfsdzfiltXaiIhAr8vamYR6pExydU="],"block_size":4096,"path":"images/nav-arrow.png"},{"block_hashes":["FjLWjg8uNvuM8V9s4+OGaEcTwmeV+z+/vxnba8OqQik="],"block_size":4096,"path":"images/nav-arrow2x.png"},{"block_hashes":["a+ry3JihIhfC4HO9LYBtuGCG9yvKptlaRYNp7ilO8QQ="],"block_size":4096,"path":"images/no-data.png"},{"block_hashes":["95dM3izx909vxZoC7Pg+kgWuz0HcDLi7kmkLi90gcAo="],"block_size":4096,"path":"images/no-data2x.png"},{"block_hashes":["OguHBs/RxgwHO3HOSe+9jdS6b9GQQ5dsuQOdSzTubgM=","4rGrsBN55F2pHsxGeHbW2KnkhsXD0nShWhx4AbwMRfY=","a0sQS/TUjQxjPFZYvKJOx67/7uu00NZnrFjgD7P1N40=","Luzij/dTvgY/LCZDtRaZ3CJU5Te6ZqEbGJRkeHtbuR0=","RtINuBI6JyXq6XkGGSghcyyPAEyVCOcB3/Wjyp1PeVk=","DEsMMQ5dMyEZDw+ad/4a0sb9eTASbTjddjW7XojAK9E=","UVAjS1n7x2Riim24AbAe0D237Far0rnKQlVL7Ann1w0=","5aO4yrg7YO/KGSsrcwT/4CaPLN9btTho4Q46yd2iJiY=","ldFI2zQguR49uu8zEGjcKlLs/UrhxPFd57M5Gml7ATQ=","sUTLTZxPJV2t9X92QeIirs5sd55xv3XOGDqIS1/VZYI=","q8avcx+eUL3goXUfjaOoJwN7daYSHGz1xPaoad2qN3I=","51tcFPL8bIuKHp5ikhTJBCUGetRw8OlcVCadgA+M650=","BnUUYhhqd5L9Q9XlJh3svraJbTGxzwEi1D00+7diXN0="],"block_size":4096,"path":"js/acknowledgements.js"},{"block_hashes":["SGljuDmrE2Sb0gXQWY3K6gEAmBPqyISEzhwO9Cgit5U=","viLpjbXSuE8TdOklGSIa/5Fn/u3+fqxU59DmYY9ftwk=","yk6XVLKpaIKS+xTsrdjrh2Zkhj2fhMgCx6uoqGpHXNM=","lvsTz3fOVdxepYp/Yf3QG6Oe0RM3bc+7CAOdbDo7+n0=","XWi5+mFn3k9AvifYcMABvmKa2pbuyQFXV19AVKQqfbI=","d6sakVByIzGVd+5lX3IMyOmjup5ik+DCF3DD1iiJZjM=","7ZIjto7jM7lmqrzBcI30iJ73gim4AcXJqPJ1PJop2Zw=","yTADaRge6YQtyRyYUGo2tlOSJTTj6eJACYIRDZiZ8BA=","RLLXCmVAZcjSPYyDW+rtkPSvEUyaCHJz8O5xRnAlrCY=","efeaFwKasv0Z9dR2l0Oz5n0iy7SCU+N3QIrwwCZxBJA=","wZrIvvIrYzPc+4KhLUaSzjQDU5PtRXi9BvW7KIEmrVY=","lmCXUPckLvNH9dO2m84tzk5YztjzWoYDncMQHNIAPrQ=","tZJBbFuLTS/wpzmeC+xeAZZNh1qfDVLmEitK+9I7BPs=","cQ4FHDyoF5w+yTQdN54rj8FvnTwOHYV9PcvtDfYa03w=","ZyX7Jx1+Y16Fo7dJ0tWMI1KJOoigs7TstmI25WIe1QI=","NRGhm7ME7thfMqIkOq2KkJSjPdLMP5Ji2qJBsFJ5KEo=","jNCg0btpFciaNsviY7QiiaKdp7AXvlMMLoDLYTW2xqU=","aKC65az+7MCjbErAC/4Tu6vhZSXW4PhE53tIA3JM9Mk=","soQZtKaR7iTl/Mar3bQS6g20yzg0XxPTe3oB8GmV/do=","IBdBvTjZZ5tfROOzxWa3li6o4gmse6J/1MGjphmWxic=","Un/Bm+by5rv7G7GV4CYyWIWvS6UWh8ifaeEQjGSSOlU=","WXTq1T/674cgc+Gk4X1wLX7Ux00LQM/YVow/XZ/5BkQ=","ZAmgeC2B9hqZpMFLV+Ah6hpAh8pBDssc8TOfwJZIFiE=","rxb0vorp6TNRq4XHghbgsMUXycv15vM3DKRouYN8pvI=","aI6B72CjqW3bhT6Jfm8fVIlgO5WhKZj+Ao2VEmetgSE=","3KIDwakje/PlzMUWXaKzKGxjhWSF6JDPw8zEG9cLUpM=","3kAxfgFfe3jLBrLI2Ej0yQJTlphjM231+fHQ6Ce2ktE=","0UVJ8M3nhQ0CH7hAVNm/sG0aKlC2iOgar77ePIfUCN0=","m21kZF6/DMMx9GqJiS3+ArqMPQA1+GOeruZRmheXrVA=","FrlSGQzkNeH+FYOnHzSr0D12z3XqY4JTgKiwqR4qou0=","uFfJ6o3UhdJtKKg3K5mn4W4vZGlkfZldG5WN2zYsz88=","Ae8aKRngZzxzD369XzBF00awxl5tTRNNxDEhrq5DMoU=","oohHSxaDghtK1Yuo/6tAcEHif+4oh8ooueeT5WVf7FY=","B5zd6UoCwncj/DA8+2BgexWj/8PmTcw5UGlhH0PRh4k=","aK45fkCzDszul5Y5QQmD+lpj1H72VfPkd+No94PRIqw=","M7deiHVp329oOV7ygySXmv1vjsODtcgycWV9MMNbclc=","sD0YgFYAGxvpcP67xaVZQ2iHi6rfrk/kJsXCoLMPHIk=","fgETiEWwoFmRWxnewAXDvpM1axVg50gSQyGu5blKwCQ=","QFI/MN+kOGII31t7ctIttSBNjU7pkKl9Dxnske5kGGo=","D7DX+ahq0ZHUZt9pkYzBr9x0Fs1i6T5FUAzcjcNahCo=","drGFh7zfUk15xWDYAIg65pFFSPZDN/T9nttzt7VJ70M=","9W/FIJ43dNYnyPgxEOiuJR27KJPqMu2WLFRlXOw+no4=","YQ886q5My9Y925BP+/fXVg4tAjGsqSWsIJiBWXpLa1E=","32q8PCEMuszkIwYeitaPvTThqcBzXEzqdwlNZASQNyU=","JT3xYC0qqgthIE801AmXe5DIaxu9U7EDAQcwNjf9eho=","vMTsCC8IxUQrTz8tV/qiFnQa0pHbp90xTgvoXBXVXSY="],"block_size":4096,"path":"js/background.js"},{"block_hashes":["dMxvUXu0hO/dwCHohFYqzAkPr9Bick41f1lpaBckBnk=","Kds1iGkbbKHFBqEqbDtM2YKl8CMhDu5QvUXjf3KK5Go=","+wFJcg3eEqkwLTcOteTvylz6Zb1uxst6PA++GZknwMk=","2uH5gHs9BOFeCuiDqfEarz3ZUSG3oQ31R7umVjW8IUk=","q9103+PfTEXwyhHqp70zljWbzvcMmwk8C1PlClW3ktc=","A+zLBMixBufRegS6p2qwX6Cs0oTyf4v1mTP6JEc6ANc=","AnONLnJVUsYzs0WVSjF8xAKxHR6bcAeVgno/LLukizU="],"block_size":4096,"path":"js/browser-polyfill.js"},{"block_hashes":["YEH2BraeWyZp9cROcXsNO3EUcWcCdqVRebu4iLv+fkg="],"block_size":4096,"path":"js/content.js"},{"block_hashes":["fsYAAH3dLgWVjKr/Q5xoZEi3hEZwoUn2udwUKD9SpZQ=","HY7zLi82IK8TSLLkVbIYslkBv+FXbsTjg8sBAzuiybI=","gGQqFCWv7hQzOoSzH83p2kpZt0TEfqm/S3759Ga/ncg=","sPDphP7j1M+IERMtkCHkJC0zqY3TT4aoG3XmiHSf/zk=","l/0qVC0PzMiyege4SIhyWdNCIrK2yhE8MOWrDCjZYYI=","/3WxlpThdFeAT2xyV873BhV6LQtSOqnKXxRDCGW+uuU=","xYGW8jksb4EGPJKJqGNJOpJ8E5YQaccuXOd6Y5WTR1k=","uD5W6Rdzwgo8rs+SV7uyX2sw8tbIuc1cE9B/DA4924E=","iIAn8lahJuwqwKHwNM5PvWUupxMAWEaHoB9yuu9eLYQ=","RniwFfqdyTKP8SJ7M2oOhFCYbETMZnavwaZ4Lm9KfXQ=","zORGQDPHsu1eOgwGKra6gbrbTZEVVYCWMKUq9CEQr7o=","eUaoyOzuT5Fpa4R7lWQB/DmtqE0gSU6+NqFCdw1sQBM=","srH+9c1F2AKPfG5IbTIhgnxWf2DDAYf/Zz594qH2mPw=","kd1/epmCKfTUQiyzQ3OyKHGXuy1ZBLnCq0u8niY5vqY=","42buAV86IP0MO1eWKvlG7XjJvSLwF5s3BgCAIXmVDmE=","cf/1nki7RenmYyC4cbJTY0IflIZF1x0q0WYZfKzuQow=","iqYSZe/WNHCxqGHXQjSf0I/e5i+ZIUH0BMkDuOFfSbU=","ohcU3Nq/fJ5wbIYvVcm1dGnKEIhuSltsV1cnUKLh2RU=","IrlsXWjbqAVv4tNAHlSN6JC0d65KSiYCjGmWc7+LWGU=","FHceVpYoRke9htNuU5NU3G7c5Ks1fRCuIxVC9CAW1XY=","PW0nET8IzG7WxXj6Fcg2Il0xZTb3oBnF1fBT5yIxays=","T4GuBJulODTZp7KnRPmrIakkUvYwnc6PcJAuYVTdPhw=","MAhhxl75o8Ug4mRlAamKiycpPBnaBtFOMQ0inCJhlwA=","/BunhBuAdvIBGLUQ6we+PsvxNf/Pst1yGwNjNCWttnI=","cBKxu2rjLXD5HT4HSlnCzVUewi65gzVJolUnYlVYcfs=","AQ6TL6FyQPR0JTvFfsw04OjTLCU+YEIXGGLjZYseIrw=","obhoTfCyneYqJ7JjDUUkQSQu/cs5C+rtaA6yledIWrE=","lqLKroacgTcV9a29qcSAz3q17Mxz3AZKBOnEWUxZ0EA=","lLXweURXh+YigtOQOMML3CaUGuXAf8FR+5qNVvDNTfo=","ooDtoXRZRflN4o+Vd679HVOnk/rneXspuEVaeqlclP8=","CPJfdkyBJX/M+swigevkGpy2zg+XIaHxppCffCpJbZs=","cIh+qywx+5gF7rCJQ0DK5Z0dgQp3MB4gi34niBNHVWM=","5J+FiC3rO9DJehjWiGwZDdbuC/7lxa+ZHA1+O25wkZ4=","cUSsbiFrHigDOUzvYHj+hfznH72/i1YZDnBCtrBYNHY=","E6gRfnyxfWt2bGrfwJjvfL3JWS2o9De6ipunWWkCbBQ=","4RKDkbYCq8P4V2AHYju3cHM4J99KbHWpkF5obbDjUv0=","K+e6ACmjMqntmBIsG1rZbL6g+QPE8UZ0ycSu/vtx+7M=","ZlIsZvP2gv8lwKsO7yPk7H2OcfvFyAj3bBif1gcJpo0=","eFernbI7glHlO7WlD7xKHiG8vy4an3UozGxjRzIa5PI=","ia3hphFSyRNJ0aykdl6oWSVudRkOSSm+7c//mZysWAs=","wKqDJ4PjmEc1NJPjK60JzAhDnzrOcHPFyeKe5gLI8o8=","V0TAzPykX9n5i/DIb3z6hj1KQXQDl/AVTWdcfwD9ME0=","eJxjkRdWXNmuW5S2HJCKhJzPPOZtpuSWGWtDYJzbFGQ=","oCm36cHa3p2bBLarbQh4Hg5MBsL1cjsccXF51mVn7RY=","upt5otw0ZfPvvDE4dVE0n1J4hxtOZLIlTauP+m2XhVs=","/bGhNL0oyldsaZ8ml/84Br7v7VtY7dSC0dZKLOpztsI=","0tu/QXLquG6YmEqTa6fwSMOUs2dd2Og3m7Fso+7ovwc=","vBsdZIWg+5aHF50FBXwhXwq+A6IeZU4LcqlvM/sLheo=","L5V+4jVL+ZdmfqxoZP8yu1Qd1B9vUDAIh7N5KYRXlKA=","rcd4dY8+h7E0eEw+32iXhYE7XpU8eCj0pSwCsZ590+g=","k3LDXfFQyKjtepVVyLkGRO4aTqTyOZ1IVtdrjKhIxdE=","+GO9X/vynkAmH+GElqwpfntaHvFbZMo4CEy7dbrIMBE=","CxDFuplJTup2k+/iN+sseV9tSglW318EofqfJVWyfTI=","Nf/HL9mSjd+9J3CNwoi9XDAFJyajZQBrUtW3lRECc+A=","6WnMJUfcvcvFRn6v2/zgR9zR73Ez7FNDV+AOLhyhmXM=","Q888yRexVzLBRYwhCnkyeVcxuV/Xt0mKFWUUvNNDGaw=","6Bp/7IzBcI/iC7vqRd+fdD1IikZWHhmK2pJqD32WjgM=","CrCH+jOZPFhw6G+yEtLfjZZ2aloikfxnWI8JoytAY9Q=","Ztq9wpogbNzSV1f+XkwYgdg8JfY/RPGWSH0ZsIWeF94=","dCWaM0p+EOaOzsZxGf9uulq0mWYFcm371JcjD5E0fqo=","pyd68/g0b/YlwhGBosvu6ufQTNhJ/XZA9JsfrgkSSkc=","qntDPjuuoRpjFKwwvAJ91dZjYwABucduBBhYHXB6Ja0=","mfQdCHHk2R5cDyMNSOD6Z+aRGCOZx/oJucnVdGcRl8Y=","fmKui/PYgUdj9CZ85T+h8ww3XSe1Kayk8aeEyc8SGyI=","NhiTrbs3gMNQWHwKepJh67/D9KrXBD0JlPUU96ouj4k=","AqiTXsTEylrp38/SotLH2HBNudEYPtV03NEmWlHQ5NY=","uPV8cactmdFUmkPJM8QZzsAHZ0rfZxGO+0VOT3HUD/I=","eApAipepoeJGT1aDXOIi+zg/WNiogzGH79ColvoM4MQ=","e+m015gyuK5PPYJHXgCZ9BDdH7OLsXYIyGuSBcWgYRo=","yTybZ3LcpjPAGhWtd0+BKgk3xtvY84ptjZYVu9vLpQA=","uYj9SCtoTHnPpf3bATVtSdcBUhKGg0VosUavIBjeXYU=","awBwK08dvCE0Ov3DnQgMDe5+3OuMrHeuahhiYtMdn94=","UVdRyHkkjU13Xnc/g7FlY05r/znZaopp08W6Fz30eak=","tjoXa4Ol3xMA+wqE6rlepJLb9Y+JiVkhg0zxymrgrbE=","MOsIgIa69O7sre2WYNzsVBrfzymuXw6kJm89TlMV/K4=","jk4U/M8/4KlU3CPL8XaAew795SWHAVntxubhGyIV3F4=","BNL2K1e57XuDS0R3Zt+ObJZm5Jx/IFWwVx58Qnr3LAM=","Sn1AnFj7MOlMU26IUmDlhIxD5DHSGI5dAGY2aUulF6w=","fAGp67B+cqAOODZj0S71YJAjT1Oq+LNe/0Je/PkJ9c4=","+KujSyNBI6D1ZaWc3m/KML52gRfhF4L0uxA78uLpX4A=","26qL85cuwnzombzGNaCwW+GKgcIWVxTAFz9PiWkLUOY=","7zBz53/XvsVaEk0HDPr2Q8fK9lUxnM4pamKWAXE/jPc=","hdCUv0iTe84uMV+nlbCEm52Y17mExX+rJd7IK/PLC60=","xS+RkajuhjweIwSpV/Q1iZlX0J9xF6p7X3vT7a3z4L4=","V1463tqpMcR1C8KRakFPJZwUS75ZNTmXLOSSytFZT9w=","CUjwQYLM2iO6cDiY7/jq3nAvpPKTtN7sYfdcKPrwLcQ=","uVls0gfPjx2Jt+TzHiMfXti2oIb+w9UJGwdM3ylFuPM=","8IkEsiYbMt3oRG4/gClzBdxa2AJGS8Y44eEPOqDuD0E=","HvaY9VBxWHl97+YsmP892/pqyGvmsCYxP8n/c5ThFyM=","MWeuLrsosxAMB/xTHIdJFaCJFC9bFJhOeSpFjW7CZDg=","G9iip1ALNG+g3Ab4agLKNbQWAb1oRjmN/XNLWE5K+PU=","8tCwFrZu0Z83AQs4Es2rUGotipYLaNsXTT0iJ6oXpwM=","+xUZUG9K8e/XjeidrCYAWhH973dEVxAJyX3KqQRk1QE=","2E6kXjAbJPxE/f5bCgiINoDh1f7UKzHgtyMH4Z9vkRU=","N2HzvLOVG4+QuxSZJzsF2gEwOHVkGp/fTNYZ7hE7MFI=","GHpGJkLOiZcfs3xoIA+G1znlr7sxcBeRfUaCyqmKWMk=","c0AjsKFx0SsFFT3s8Gad+SYeqM5KPD1bao5PJKP2eUg=","RiH1KSj+mAvV7PQofh8GrIPR22DHh77jq1by8GakV/I=","ouyFvUQ5vqPGw0WPlxb/NVX7jTdg/oaMHJEHG6aX4jA=","lPHbiTwzN49Fjk27LzMIh7EB2nIiCeUO/q+6huJet38=","8Fnr1oPbUHXTjGP8lgJPPxpg2CQcUTLZkeA/hgtk9hI=","IB3fvfyHr3HSyvrd1iDSUKKDXePh3lunXKg17qVrr7A=","xhfimaXIuDCB91oCTcFG1J2W9HkI+y909PCQnqS2680=","umYI44HkHxihVhWCd2j268OWF2PugkreBjbREq8pVbM=","jGepbrUEcbgc9ydjeJPTVP6OFstKt9Wo+mRloRlGuLs=","+knlwr5OsVak3Q0tEiJ13m96VJjPWwPrRfXdeuVikQE=","aZKoTnuNSSenHsCC70iTOdsNtDcFF+TBYW7NBQpJSg8=","u306C1BoaHnT3lCfYzZ05knguQYsynfVf5HAdpgwF0I=","8qWVvwqhUYXCAnP9YoPV5ACwjnqFThwm0KjdrtwD7eE=","iHC8Acu0bvWVkev/QXJ1mIQCyNUOHnH6dCto25vmmJg=","20HbYM1rzIUn+GbRfnn8CIIqZNSicLrNV7nTTyWvMvQ=","PffMCkLHampD8cb4vpjikkrvbKrSxkQEBzX/zwEKoKw=","uPCKeKHdOO4Nut6TyUdTOFaZjvFv+W5hZ9rtnDlqxOU=","w8MO8IO98wKCuhWhd0clhm1fzKC2WgxbzAkjaMkFb1E=","mwK91reJkPUuZUBiqIa9H3UeSZay9WC2sFVF1h9hiqs=","lUxBAv3wOgXh6r+5ioI+hzbgdngGtlYJGgMUPQWX/t8=","rZG+l3QeszbNq0b7BGcalZh4w1QzwIF5ygtBAHYvTQM=","cOzrHJgXGS9adV6bIDE1fCNratJUro2kn2yyCxixM3Q=","wCw7NXFEIlP2HJmh0IfNs/maI28eEDA9kz3o5AqaLsU=","xJWDg2xXZsxA2KzwGSHdVz9Whbee8DpnMY8USE/wvLg=","9bFYxnAhjKkf/qp4TCoV5JtDs47ECvAd04Okg7rfEA4=","cKrOPECUlwp3EzIROJao/1k0lwcLgBSi5uHtjD/o95M=","K9pxCxKNE/qtHiCuLMQMaiETyWv6jT9szvXRTVVdLtg=","ymDkV9SHqcgP4JFR+nAdSanTyj/GMTv4vzP2qulYBe4=","/mJ6DFCF5FGW+QE7Tz1M0SJb02o6ucusjB7gYBgQuEY=","C5oMDySl7s/svTAifcrmz/uls33El7fhPWrhBYZzGfc=","KqHwfUp6KeN4GCUxVRLag8VMcLfHbvpMUhNKzFRFIHc="],"block_size":4096,"path":"js/popup.js"},{"block_hashes":["xsI1uTPt61EH7L5iAbPm0oa8u6CRS33Zyrnq93Ssndk=","RmNKyk5JOnwi+G3co3t3EaQAxmstLz35no1nSfcTd5c=","I35JKW9jUKg53Tnsxs1X4GtFzf7q5z4DrV9fM1ygTvo=","98fGrFrkzxL/INENnbJQmlXFbAsffNbhI5nbl4kdQus=","CddGr1Hmj1jmzVfG3yPDjFWRaf9VqECl9PqCsyu+fLg=","n7CKlKQcDGWAQpFui4A0PSjfMAvRz885tG7FvwQS5uI=","IBIsovpzDD+nyBcPCHXj4gf1QJqasDHms4cir6EDP74=","56Uslv77vhSTWyrC0gVlTP8v2sTuktWrrzltmzs3k2U="],"block_size":4096,"path":"licenseInfos.json"},{"block_hashes":["vacA1p/soHSPUhxEn4LVUL+wMaco98WglQs6wYXLu0s="],"block_size":4096,"path":"popup.html"}],"version":2}